title,photo,summary,published,link,category,source
Vítěz Kentucky Derby uhynul při tréninku. Jak to bylo s jeho dopingem?,https://1gr.cz/fotky/idnes/21/051/cl6/PAR8b1e8f_b32532f9cfdc4d3681c3e0c31906d9d4_0.jpg,"Kolem vítězství Medina Spirita v letošním Kentucky Derby budou asi už navždy panovat pochyby. Tříletý hřebec zkolaboval a uhynul po tréninku na dostihovém závodišti v Santa Anitě, příčinu jeho smrti určí pitva. Svěřenec trenéra Boba Bafferta měl po květnovém triumfu v prvním dostihu americké Trojkoruny pozitivní dopingový test a šetření případu stále nebylo uzavřeno.","Mon, 06 Dec 2021 19:22:00 GMT",https://www.idnes.cz/sport/ostatni/kentucky-derby-vitez-dostihy-medina-spirit-uhynuti.A211206_201625_sporty_ten#utm_source=rss&utm_medium=feed&utm_campaign=idnes&utm_content=main,Sport - Ostatní sporty,idnes.cz
"Každý šestý dům je špatně pojištěný. Ceny rostou, pojistka na opravu už nestačí",https://1gr.cz/fotky/idnes/21/121/cl6/LUH8fd8de_Depositphotos_315210770.jpg,"Vlastníte dům, byt, chatu či chalupu? Pak urychleně najděte smlouvu o pojištění a podívejte se, na jakou částku máte nemovitost pojištěnou. S tím, jak raketově rostou ceny nemovitostí a stavebních materiálů, rostou právě i hodnoty majetku a tisíce nemovitostí jsou v tuto chvíli podpojištěny.","Mon, 06 Dec 2021 19:00:00 GMT",https://www.idnes.cz/zpravy/domaci/pojistka-bydleni-stavba-oprava-pojistovna.A211205_213603_domaci_vapo#utm_source=rss&utm_medium=feed&utm_campaign=idnes&utm_content=main,Zprávy - Domácí,idnes.cz
"Sháním nakaženého, který za mě půjde na test. Lidé hledají, jak obejít omezení",https://1gr.cz/fotky/idnes/21/111/cl6/LUH8f24f2_04.jpg,"Češi vymysleli novou taktiku, jak získat potvrzení o prodělání nemoci, aniž by se nakazili. Redakce iDNES.cz narazila na několik případů, kdy lidé na internetu shánějí nakaženého člověka, který místo nich půjde na PCR test. Stačí, když například žena, která chce certifikát, sežene nějakou vrstevnici, která je nakažená. Ta s její kartičkou pojištěnce pak vyrazí na testování.","Mon, 06 Dec 2021 19:00:00 GMT",https://www.idnes.cz/zpravy/domaci/lide-shani-nakazeneho-cloveka-zaplati-jim-za-test-ziskaji-certifikat.A211201_093510_domaci_vank#utm_source=rss&utm_medium=feed&utm_campaign=idnes&utm_content=main,Zprávy - Domácí,idnes.cz
"Nechte dítě, ať si „narazí čumák“, bude samostatnější, radí psycholožka rodičům",https://1gr.cz/fotky/idnes/21/112/cl6/IHA8f88d9_GettyImages_1218940110.jpg,"Co provedly s žáky a studenty dlouhé měsíce online výuky? Psycholožka Zuzana Masopustová tvrdí, že nezvyklá doba nemá na děti a dospívající jen negativní dopady. Mnohé prý naopak posílila. „Největší chudáci jsou nejchytřejší děti ve třídě, protože až jednou přijdou někam, kde z nich nikdo nebude padat na zadek, tak to pro ně může být velmi drsné,“ řekla pro magazín Víkend DNES.","Mon, 06 Dec 2021 19:00:00 GMT",https://www.idnes.cz/onadnes/vztahy/masopustova-zaci-vzdelani-online-vyuka-pandemie-rodice.A211118_162733_ona-vztahy_mkop#utm_source=rss&utm_medium=feed&utm_campaign=idnes&utm_content=main,OnaDnes - Vztahy,idnes.cz
PROGRAM: Házenkářky na MS zdolaly Slovenky a postoupily do další skupiny,https://1gr.cz/fotky/idnes/21/121/cl6/ROU8fe008_czehun2.jpg,"Nejprve sice prohrály s Němkami (21:31) a Maďarkami (29:32), díky vítězství nad Slovenkami (24:23) ale české házenkářky prošly na mistrovství světa ve Španělsku do další skupiny. V ní se utkají s Dánskem, Jižní Koreou a Kongem. Podívejte se na program a výsledky šampionátu.","Mon, 06 Dec 2021 18:49:00 GMT",https://www.idnes.cz/sport/hazena/ms-2021-zeny-program-vysledky-cesko.A211130_162000_hazena_ikuc#utm_source=rss&utm_medium=feed&utm_campaign=idnes&utm_content=main,Sport - Házená,idnes.cz
Menší balení za stejnou cenu. Japonec začal dokumentovat triky výrobců,https://1gr.cz/fotky/idnes/21/121/cl6/RIE8fd8ab_profimedia_0603018542.jpg,Zmenšující se balení jeho oblíbených sušenek a následně i menší velikost jednotlivých kousků uvnitř balení donutila Japonce jménem Masayuki Iwasu začít jednat. Založil si vlastní web a ceny výrobků a jejich gramáže poctivě dokumentuje. A především skryté zvyšování cen výrobců.,"Mon, 06 Dec 2021 18:46:00 GMT",https://www.idnes.cz/ekonomika/zahranicni/japonsko-smrskflace-mensi-baleni-stejna-cena.A211203_122303_eko-zahranicni_rie#utm_source=rss&utm_medium=feed&utm_campaign=idnes&utm_content=main,Ekonomika - Zahraniční,idnes.cz
To byly nervy. Házenkářky v přímém souboji o postup udolaly Slovensko,https://1gr.cz/fotky/idnes/21/121/cl6/ROU8fe008_czehun2.jpg,"České házenkářky zvítězily v závěrečném utkání základní skupiny mistrovství světa ve Španělsku nad Slovenskem 24:23 a prošly do další fáze turnaje. Nervózní souboj o postup s bývalým federálním partnerem až v závěrečné desetiminutovce, několika zákroky k tomu přispěla i brankářka Petra Kudláčková.","Mon, 06 Dec 2021 18:45:00 GMT",https://www.idnes.cz/sport/hazena/cesko-slovensko-mistrovstvi-sveta-zeny-online-zpravodajstvi.A211206_103850_hazena_tof#utm_source=rss&utm_medium=feed&utm_campaign=idnes&utm_content=main,Sport - Házená,idnes.cz
"Bílý dům oznámil politický bojkot zimní olympiády, Peking slibuje odvetu",https://1gr.cz/fotky/idnes/21/103/cl6/TEN8f03b0_ppptsw08_olympics_2022_0204_11.jpg,"Administrativa amerického prezidenta Joea Bidena v pondělí oznámila, že nadcházející zimní olympiády v Pekingu se nezúčastní žádní představitelé vlády Spojených států. Bílý dům to odůvodnil porušováním lidských práv v Číně. Čínské ministerstvo zahraničí v reakci pohrozilo „tvrdými protiopatřeními“.","Mon, 06 Dec 2021 18:38:00 GMT",https://www.idnes.cz/zpravy/zahranicni/cina-olympiada-zimni-2022-usa-biden-bojkot.A211206_134538_zahranicni_aha#utm_source=rss&utm_medium=feed&utm_campaign=idnes&utm_content=main,Zprávy - Zahraničí,idnes.cz
Švédští florbalisté deklasovali Dánsko a zajistili si čtvrtfinále,https://1gr.cz/fotky/idnes/21/121/cl6/TEN8fea9a_profimedia_0646650163.jpg,Švédští florbalisté deklasovali v závěrečném utkání základní skupiny A na mistrovství světa v Helsinkách Dánsko 15:1 a zajistili si přímý postup do čtvrtfinále ze druhého místa za Finskem.,"Mon, 06 Dec 2021 18:08:00 GMT",https://www.idnes.cz/sport/florbal/mistrovstvi-sveta-florbalistu.A211206_190833_florbal_ten#utm_source=rss&utm_medium=feed&utm_campaign=idnes&utm_content=main,Sport - Florbal,idnes.cz
"Na práva těhotných už sahá také Írán. Omezí potraty, hrozit má i trest smrti",https://1gr.cz/fotky/idnes/21/121/cl6/KHA8fd957_profimedia_0523290936.jpg,"Po Američankách a Polkách došlo už i na Íránky. Vláda nového konzervativního prezidenta Íránu Ebráhíma Raísího chce zpřísnit nynější podmínky potratů. Ale nejen to. Omezit se má i přístup k antikoncepci, sterilizace pak bude úplně zakázaná. Za porušení zákona mohou viníci dostat i trest smrti. Novým zákonem chce vláda zastavit stárnutí populace.","Mon, 06 Dec 2021 18:06:00 GMT",https://www.idnes.cz/zpravy/zahranicni/iran-vlada-potraty-zprisneni-ebrahim-raisi.A211203_165456_zahranicni_kha#utm_source=rss&utm_medium=feed&utm_campaign=idnes&utm_content=main,Zprávy - Zahraničí,idnes.cz
Režisér Šmídmajer: Kundera dodnes mluví moravským nářečím. Zůstal Čech jako poleno,https://1gr.cz/fotky/idnes/21/112/cl6/LUH8f7972_HLAVNmdmajer_mafra_Michal_Svek_3.jpg,"Do filmového světa se poprvé zapsal před třiceti lety dokumentem o Miloši Formanovi. Následovalo mnoho dalších portrétů známých osobností a také komedií, které přivedl na svět coby producent. Až posledních třináct let se Miloslav Šmídmajer věnuje převážně režii hraných filmů. Připomeňme komedie Probudím se včera, Případ mrtvého nebožtíka nebo pohádku Peklo s princeznou. Jeho posledním počinem je však opět dokument, tentokrát o Milanu Kunderovi. Co mají Kundera s Formanem společného? A o jakém filmu ještě sní?","Mon, 06 Dec 2021 18:00:00 GMT",https://www.idnes.cz/kultura/film-televize/miloslav-smidmajer-rezie-milos-forman-dokument-milan-kundera.A211112_145449_filmvideo_wes#utm_source=rss&utm_medium=feed&utm_campaign=idnes&utm_content=main,Kultura - Film/TV,idnes.cz
"Sníh a mráz vydrží ještě tento týden, Vánoce budou zřejmě opět na blátě",https://1gr.cz/fotky/idnes/12/011/cl6/TOP404356__MG_3055.jpg,"Nejchladnější počasí z nadcházejícího období čeká Česko tento týden, bude mrznout i sněžit. V dalších týdnech, včetně vánočních svátků, se ale zřejmě mírně oteplí. Už začátkem příštího týdne se mohou teploty přes den dostat hlavně v Čechách až na sedm stupňů nad nulou. Jinak bude závěr roku teplotně průměrný, uvedli meteorologové ve svém měsíčním výhledu.","Mon, 06 Dec 2021 17:59:00 GMT",https://www.idnes.cz/zpravy/domaci/pocasi-predpoved-chmu-meteorologove-vanoce-snih-zima.A211206_181420_domaci_pmk#utm_source=rss&utm_medium=feed&utm_campaign=idnes&utm_content=main,Zprávy - Domácí,idnes.cz
"STALO SE DNES: Zemanovi skončí izolace, do USA jen s čerstvým testem",https://1gr.cz/fotky/idnes/21/121/cl6/KOP8fe9b3_ZemanLangdlov.jpg,"Miloš Zeman se bude moci koncem týdne již scházet s ministry nové vlády bez skleněné bariéry, po dvou týdnech mu skončí povinnost izolace. Ještě tento týden má také vyjít vyhláška o povinnosti se očkovat na covid pro vybrané skupiny obyvatel. Do USA je nově potřeba mít negativní test na covid ne starší než jeden den.","Mon, 06 Dec 2021 17:44:00 GMT",https://www.idnes.cz/zpravy/domaci/stalo-se-covid-pandemie-cestovani-adam-vojtech-zeman-usa-myanmar.A211206_172236_domaci_hend#utm_source=rss&utm_medium=feed&utm_campaign=idnes&utm_content=main,Zprávy - Domácí,idnes.cz
"Gól Slavie uznán správně, brance Slovácka ruka předcházela, řekla komise",https://1gr.cz/fotky/idnes/21/121/cl6/MIN8fe968_P2021120407228.jpg,"Kontroverzní situace, v nichž v hlavní roli bylo hraní rukou, sudí v 17. kole fotbalové ligy vyřešili správně podle pravidel. Oznámila to komise rozhodčích.","Mon, 06 Dec 2021 17:43:00 GMT",https://www.idnes.cz/fotbal/prvni-liga/predseda-komise-rozhodcich-radek-prihoda-olomouc-slavia-slovacko-plzen-machalek-var-pechanec.A211206_173159_fotbal_min#utm_source=rss&utm_medium=feed&utm_campaign=idnes&utm_content=main,Fotbal - První liga,idnes.cz
Švédové mají v nominaci do Moskvy dva mistry světa a jednoho nováčka,https://1gr.cz/fotky/idnes/18/052/cl6/MH273420f_mma411_hockey_world_svk_swe_0512_11.jpg,Dva mistry světa z roku 2018 a jednoho nováčka zařadil do nominace na Channel One Cup v Moskvě trenér švédských hokejistů Johan Garpenlöv. Zlatou medaili v Dánsku před třemi roky získali brankář Magnus Hellberg ze Soči a útočník Jacob de la Rose z Färjestadu. Na premiéru se může těšit forvard Dmytro Timashov z celku Brynäs Gävle.,"Mon, 06 Dec 2021 17:38:00 GMT",https://www.idnes.cz/hokej/reprezentace/svedsko-moskva-channel-one-cup-nominace.A211206_174315_reprezentace_ten#utm_source=rss&utm_medium=feed&utm_campaign=idnes&utm_content=main,Hokej - Reprezentace,idnes.cz
Hyka rozhodl po Sedlákově přihrávce o výhře Čeljabinsku nad Kunlunem,https://1gr.cz/fotky/idnes/21/121/cl6/TEN8fea74_profimedia_0596276937.jpg,"Tomáš Hyka skóroval v druhém utkání Kontinentální hokejové ligy za sebou, po přihrávce Lukáše Sedláka rozhodl o výhře Čeljabinsku nad Kunlunem 3:2 v prodloužení. Traktor se díky vítězství dotáhl v tabulce Východní konference na vedoucí Magnitogorsk, který doma podlehl 2:3 Spartaku Moskva.","Mon, 06 Dec 2021 17:31:00 GMT",https://www.idnes.cz/hokej/evropske-ligy/khl-zpravo.A211206_182213_evropa_ten#utm_source=rss&utm_medium=feed&utm_campaign=idnes&utm_content=main,Hokej - Evropské ligy,idnes.cz
"ONLINE: Florbalisté bojují na MS s Norskem, k postupu jim stačí i remíza",https://1gr.cz/fotky/idnes/21/121/cl6/JRV8fe52e_51727167174_96581e1e05_o.jpg,"Němce deklasovali, se Švýcary prohráli, jak si povedou proti Norům? Čeští florbalisté hrají závěrečný duel základní skupiny na mistrovství světa v Helsinkách, bojují o udržení druhé pozice a přímý postup do čtvrtfinále, stačí jim i remíza. Sledujte od 18.45 hodin podrobnou online reportáž.","Mon, 06 Dec 2021 17:29:00 GMT",https://www.idnes.cz/sport/florbal/cesko-norsko-mistrovstvi-sveta-muzi-online-zpravodajstvi.A211206_160738_florbal_tof#utm_source=rss&utm_medium=feed&utm_campaign=idnes&utm_content=main,Sport - Florbal,idnes.cz
"Sparťané potřetí se švédským sokem. Ta síla proti nám je velká, uznal Jandač",https://1gr.cz/fotky/idnes/21/102/cl6/HUD8eb9e0_P2021100609154.jpg,Již se třetím švédským celkem se v probíhajícím ročníku Ligy mistrů utkají hokejisté Sparty. V úterý je v úvodním čtvrtfinále play off čeká Rögle. Odveta přijde na řadu o týden později. Zápas v Tipsport areně se bude hrát od 18 hodin a Pražané si v něm touží vybudovat pozici do odvety.,"Mon, 06 Dec 2021 17:18:00 GMT",https://www.idnes.cz/hokej/evropske-ligy/pozvanka-liga-mistru-sparta-rogle-ctvrtfinale.A211206_170429_evropa_ten#utm_source=rss&utm_medium=feed&utm_campaign=idnes&utm_content=main,Hokej - Evropské ligy,idnes.cz
"Kronika Tisé získala český překlad, výtisk dostane každá domácnost v obci",https://1gr.cz/fotky/idnes/21/121/cl6/MEN8fd8c5_150429_5045598.jpg,"Českého překladu se dočkala německy psaná kronika Tisé na Ústecku. Až do konce druhé světové války žili v obci převážně Němci, tudíž i kronika byla do té doby vedená v němčině. Zatím je vydáno 300 kusů a v plánu už je další dotisk. Výtisk teď dostane každá domácnost v Tisé.","Mon, 06 Dec 2021 17:11:00 GMT",https://www.idnes.cz/usti/zpravy/tisa-nemecka-kronika-kronikar-rehak.A211203_143503_usti-zpravy_mendl#utm_source=rss&utm_medium=feed&utm_campaign=idnes&utm_content=main,Ústí - Ústí - zprávy,idnes.cz
Vyhlášku o povinném očkování proti covidu vydá Vojtěch do konce týdne,https://1gr.cz/fotky/idnes/21/103/cl6/IHA8ee1c7_rozhlouensvstavou05.jpg,"Ministr zdravotnictví Adam Vojtěch vydá do konce týdne vyhlášku, která nařídí povinné očkování proti covidu pro lidi nad 60 let a vybrané profese. Vyhláška má začít platit od března příštího roku. Hnutí SPD Tomia Okamury oznámilo, že vyhlášku napadne jako diskriminační u soudu hned, jak vyjde ve Sbírce zákonů.","Mon, 06 Dec 2021 17:03:00 GMT",https://www.idnes.cz/zpravy/domaci/jednani-vlady-koronavirus-povinne-ockovani-redukce-u-hromadnych-akci.A211206_054708_domaci_kop#utm_source=rss&utm_medium=feed&utm_campaign=idnes&utm_content=main,Zprávy - Domácí,idnes.cz
"Musíme řešit dopravu i Green Deal, říká nový šéf hospodářského výboru",https://1gr.cz/fotky/idnes/17/093/cl6/TUU6e50c4_102709_3366413.jpg,"Skončit po 23 letech v čele trutnovské radnice bylo pro Ivana Adamce z ODS rozhodnutím z nejtěžších. Vést sněmovní hospodářský výbor je však jedinečná příležitost. Výbor, jehož se stal šéfem, považuje za prestižní a silový. Čeká ho schvalování zákonů z oblasti průmyslu, dopravy, zemědělství i životního prostředí.","Mon, 06 Dec 2021 17:03:00 GMT",https://www.idnes.cz/hradec-kralove/zpravy/ivan-adamec-ods-hospodarsky-vybor-snemovna-starosta-trutnov.A211201_639261_hradec-zpravy_pos#utm_source=rss&utm_medium=feed&utm_campaign=idnes&utm_content=main,Hradec - Hradec - zprávy,idnes.cz
Před soudem stanulo za prodej pozemků celé zastupitelstvo obce,https://1gr.cz/fotky/idnes/21/121/cl6/LAD8fe94c_14E3_728C_4C5B_BBF6_0F8729E189F61.jpeg,Všech sedm zastupitelů vesničky Třebčice na Plzeňsku postavila státní zástupkyně před soud kvůli prodeji obecních pozemků. Vedení obce hrozí až pětileté tresty.,"Mon, 06 Dec 2021 16:56:00 GMT",https://www.idnes.cz/plzen/zpravy/trebcice-zastupitele-soud-finance.A211206_132124_plzen-zpravy_lad#utm_source=rss&utm_medium=feed&utm_campaign=idnes&utm_content=main,Plzeň - Plzeň - zprávy,idnes.cz
"Bankovních podvodů přibývá, varuje asociace. Podvodníci vysávají celé účty",https://1gr.cz/fotky/idnes/21/061/cl6/IHA8bf5d2_profimedia_0612111852.jpg,"Česká bankovní asociace (ČBA) varuje klienty bank před novou vlnou podvodných útoků. Podvodníci využívají nepozornosti klientů v předvánočním období a pod záminkou, že jsou jejich peníze v ohrožení, je donutí vybrat úspory a vložit je na podvodné účty. Četnost těchto podvodů v posledních týdnech dramaticky stoupla, informovala asociace.","Mon, 06 Dec 2021 16:55:00 GMT",https://www.idnes.cz/ekonomika/domaci/ceska-bankovni-asociace-podvod-ucet-banky.A211206_150654_ekonomika_mato#utm_source=rss&utm_medium=feed&utm_campaign=idnes&utm_content=main,Ekonomika - Domácí,idnes.cz
Kladenští volejbalisté razantně ukončili vítěznou sérii Příbrami,https://1gr.cz/fotky/idnes/20/093/cl6/ELV86351a_IMG_2874.JPG,"Kladenští volejbalisté nečekaně rázně ukončili čtyřzápasovou vítěznou sérii Příbrami v extralize. V televizní dohrávce 11. kola vyhráli jednoznačně 25:21, 25:15, 25:17 a oplatili soupeři nedávné vyřazení z Českého poháru.","Mon, 06 Dec 2021 16:46:00 GMT",https://www.idnes.cz/sport/volejbal/uniqa-extraliga-volejbalistu-kladno-pribram.A211206_174327_volejbal_ten#utm_source=rss&utm_medium=feed&utm_campaign=idnes&utm_content=main,Sport - Volejbal,idnes.cz
Berlín chce Spojené státy evropské. Plánuje utužení unijní integrace,https://1gr.cz/fotky/idnes/21/121/cl6/LUH8fd931_profimedia_0644764986.jpg,"Příští německá koaliční vláda spřádá federalistické vize. Touží prosadit změny, které by vedly k mnohem užší integraci evropské sedmadvacítky, než je tomu dosud.","Mon, 06 Dec 2021 16:39:00 GMT",https://www.idnes.cz/zpravy/zahranicni/nemecko-vlada-evropska-integrace-eu.A211205_195705_zahranicni_vapo#utm_source=rss&utm_medium=feed&utm_campaign=idnes&utm_content=main,Zprávy - Zahraničí,idnes.cz
"V Ralsku dokončili opravu rybníka, práce zkomplikovala rašelina",https://1gr.cz/fotky/idnes/21/121/cl6/JAP8fe9f3_01.jpeg,Monumentální molo s bezpečnostním přelivem a požerákem. Chodníček podél silnice na hrázi. Menší mola kolem vodní plochy. Taková jsou nová poznávací znamení rybníka v Ralsku-Hradčanech. Rekonstrukce vyšla na bezmála 30 milionů korun a táhla se dlouhé tři roky.,"Mon, 06 Dec 2021 16:31:00 GMT",https://www.idnes.cz/liberec/zpravy/ralsko-rybnik-oprava-rekonstrukce-molo.A211206_161532_liberec-zpravy_jape#utm_source=rss&utm_medium=feed&utm_campaign=idnes&utm_content=main,Liberec - Liberec - zprávy,idnes.cz
"Hokejové Dynamo reaguje na kritiku fanoušků, o vstupenky se bude losovat",https://1gr.cz/fotky/idnes/17/034/cl6/MSV6a4a22_notext.jpg,"Ještě větší problémy, než se čekalo, vyvolalo výrazné omezení vstupu na hokejové zápasy pardubického Dynama. Klub totiž pro mnohé dost nepochopitelně pustil na atraktivní zápas s Třincem jen držitele permanentních vstupenek na stání.","Mon, 06 Dec 2021 16:30:00 GMT",https://www.idnes.cz/pardubice/zpravy/dynamo-hokej-dedek-fanousci-permanentky-klub.A211204_639993_pardubice-zpravy_skn#utm_source=rss&utm_medium=feed&utm_campaign=idnes&utm_content=main,Pardubice - Pardubice - zprávy,idnes.cz
"Philadelphia hoří, není nač čekat. Kouč Vigneault po osmi prohrách končí",https://1gr.cz/fotky/idnes/21/101/cl6/IVT8e9cfe_P2021100600434.jpg,"U hokejistů Philadelphie končí trenér Alain Vigneault. Klub NHL se rozhodl kouče propustit po osmi porážkách za sebou, po nichž mužstvo dělí jen dvě prohry od vyrovnání nejhorší série v historii klubu.","Mon, 06 Dec 2021 16:27:00 GMT",https://www.idnes.cz/hokej/nhl/konec-trener-alain-vigneault-philadelphia.A211206_172345_nhl_ten#utm_source=rss&utm_medium=feed&utm_campaign=idnes&utm_content=main,Hokej - NHL,idnes.cz
Opava koupila za necelých 40 milionů zchátralý obchodní dům Breda,https://1gr.cz/fotky/idnes/21/113/cl6/JOG8fc17c_P2021112706707.jpg,"Přes dvě hodiny diskutovali zastupitelé Opavy o tom, jestli za necelých čtyřicet milionů korun mají koupit zchátralý obchodní dům Breda v centru města. Nakonec bylo v 39členném zastupitelstvu pro koupi 21 zastupitelů, nákup architektonicky cenného objektu tedy prošel o dva hlasy.","Mon, 06 Dec 2021 16:25:00 GMT",https://www.idnes.cz/ostrava/zpravy/breda-zastupitelstvo-obchodni-dum-kurt-gebauer.A211206_165146_ostrava-zpravy_jog#utm_source=rss&utm_medium=feed&utm_campaign=idnes&utm_content=main,Ostrava - Ostrava - zprávy,idnes.cz
Do USA jen s negativním testem ne starším než den. Platí to i pro očkované,https://1gr.cz/fotky/idnes/20/041/cl6/WOJ826c37_131925_19193108.jpg,"Do Spojených států je očkovaným vstup nově povolen jen s negativním testem na covid, který není starší než jeden den. V ČR však vyhodnocení PCR testů často trvá i déle než 48 hodin. Pokud budou cestující chtít mít jistotu, že do zámoří odletí, budou si muset připlatit za přednostní vyhodnocení testu.","Mon, 06 Dec 2021 16:19:00 GMT",https://www.idnes.cz/zpravy/domaci/covid-testovani-ockovani-usa-cestovani-letiste-opatreni-pandemie.A211206_163514_domaci_hend#utm_source=rss&utm_medium=feed&utm_campaign=idnes&utm_content=main,Zprávy - Domácí,idnes.cz
"Bílý dům oznámil politický bojkot zimní olympiády, Peking slibuje odvetu",https://1gr.cz/fotky/idnes/21/103/cl6/TEN8f03b0_ppptsw08_olympics_2022_0204_11.jpg,"Administrativa amerického prezidenta Joea Bidena v pondělí oznámila, že nadcházející zimní olympiády v Pekingu se nezúčastní žádní představitelé vlády Spojených států. Bílý dům to odůvodnil porušováním lidských práv v Číně. Čínské ministerstvo zahraničí v reakci pohrozilo „tvrdými protiopatřeními“.","Mon, 06 Dec 2021 19:46:00 GMT",https://www.idnes.cz/zpravy/zahranicni/cina-olympiada-zimni-2022-usa-biden-bojkot.A211206_134538_zahranicni_aha#utm_source=rss&utm_medium=feed&utm_campaign=idnes&utm_content=main,Zprávy - Zahraničí,idnes.cz
Vítěz Kentucky Derby uhynul při tréninku. Jak to bylo s jeho dopingem?,https://1gr.cz/fotky/idnes/21/051/cl6/PAR8b1e8f_b32532f9cfdc4d3681c3e0c31906d9d4_0.jpg,"Kolem vítězství Medina Spirita v letošním Kentucky Derby budou asi už navždy panovat pochyby. Tříletý hřebec zkolaboval a uhynul po tréninku na dostihovém závodišti v Santa Anitě, příčinu jeho smrti určí pitva. Svěřenec trenéra Boba Bafferta měl po květnovém triumfu v prvním dostihu americké Trojkoruny pozitivní dopingový test a šetření případu stále nebylo uzavřeno.","Mon, 06 Dec 2021 19:22:00 GMT",https://www.idnes.cz/sport/ostatni/kentucky-derby-vitez-dostihy-medina-spirit-uhynuti.A211206_201625_sporty_ten#utm_source=rss&utm_medium=feed&utm_campaign=idnes&utm_content=main,Sport - Ostatní sporty,idnes.cz
"Každý šestý dům je špatně pojištěný. Ceny rostou, pojistka na opravu už nestačí",https://1gr.cz/fotky/idnes/21/121/cl6/LUH8fd8de_Depositphotos_315210770.jpg,"Vlastníte dům, byt, chatu či chalupu? Pak urychleně najděte smlouvu o pojištění a podívejte se, na jakou částku máte nemovitost pojištěnou. S tím, jak raketově rostou ceny nemovitostí a stavebních materiálů, rostou právě i hodnoty majetku a tisíce nemovitostí jsou v tuto chvíli podpojištěny.","Mon, 06 Dec 2021 19:00:00 GMT",https://www.idnes.cz/zpravy/domaci/pojistka-bydleni-stavba-oprava-pojistovna.A211205_213603_domaci_vapo#utm_source=rss&utm_medium=feed&utm_campaign=idnes&utm_content=main,Zprávy - Domácí,idnes.cz
"Sháním nakaženého, který za mě půjde na test. Lidé hledají, jak obejít omezení",https://1gr.cz/fotky/idnes/21/111/cl6/LUH8f24f2_04.jpg,"Češi vymysleli novou taktiku, jak získat potvrzení o prodělání nemoci, aniž by se nakazili. Redakce iDNES.cz narazila na několik případů, kdy lidé na internetu shánějí nakaženého člověka, který místo nich půjde na PCR test. Stačí, když například žena, která chce certifikát, sežene nějakou vrstevnici, která je nakažená. Ta s její kartičkou pojištěnce pak vyrazí na testování.","Mon, 06 Dec 2021 19:00:00 GMT",https://www.idnes.cz/zpravy/domaci/lide-shani-nakazeneho-cloveka-zaplati-jim-za-test-ziskaji-certifikat.A211201_093510_domaci_vank#utm_source=rss&utm_medium=feed&utm_campaign=idnes&utm_content=main,Zprávy - Domácí,idnes.cz
"Nechte dítě, ať si „narazí čumák“, bude samostatnější, radí psycholožka rodičům",https://1gr.cz/fotky/idnes/21/112/cl6/IHA8f88d9_GettyImages_1218940110.jpg,"Co provedly s žáky a studenty dlouhé měsíce online výuky? Psycholožka Zuzana Masopustová tvrdí, že nezvyklá doba nemá na děti a dospívající jen negativní dopady. Mnohé prý naopak posílila. „Největší chudáci jsou nejchytřejší děti ve třídě, protože až jednou přijdou někam, kde z nich nikdo nebude padat na zadek, tak to pro ně může být velmi drsné,“ řekla pro magazín Víkend DNES.","Mon, 06 Dec 2021 19:00:00 GMT",https://www.idnes.cz/onadnes/vztahy/masopustova-zaci-vzdelani-online-vyuka-pandemie-rodice.A211118_162733_ona-vztahy_mkop#utm_source=rss&utm_medium=feed&utm_campaign=idnes&utm_content=main,OnaDnes - Vztahy,idnes.cz
PROGRAM: Házenkářky na MS zdolaly Slovenky a postoupily do další skupiny,https://1gr.cz/fotky/idnes/21/121/cl6/ROU8fe008_czehun2.jpg,"Nejprve sice prohrály s Němkami (21:31) a Maďarkami (29:32), díky vítězství nad Slovenkami (24:23) ale české házenkářky prošly na mistrovství světa ve Španělsku do další skupiny. V ní se utkají s Dánskem, Jižní Koreou a Kongem. Podívejte se na program a výsledky šampionátu.","Mon, 06 Dec 2021 18:49:00 GMT",https://www.idnes.cz/sport/hazena/ms-2021-zeny-program-vysledky-cesko.A211130_162000_hazena_ikuc#utm_source=rss&utm_medium=feed&utm_campaign=idnes&utm_content=main,Sport - Házená,idnes.cz
Menší balení za stejnou cenu. Japonec začal dokumentovat triky výrobců,https://1gr.cz/fotky/idnes/21/121/cl6/RIE8fd8ab_profimedia_0603018542.jpg,Zmenšující se balení jeho oblíbených sušenek a následně i menší velikost jednotlivých kousků uvnitř balení donutila Japonce jménem Masayuki Iwasu začít jednat. Založil si vlastní web a ceny výrobků a jejich gramáže poctivě dokumentuje. A především skryté zvyšování cen výrobců.,"Mon, 06 Dec 2021 18:46:00 GMT",https://www.idnes.cz/ekonomika/zahranicni/japonsko-smrskflace-mensi-baleni-stejna-cena.A211203_122303_eko-zahranicni_rie#utm_source=rss&utm_medium=feed&utm_campaign=idnes&utm_content=main,Ekonomika - Zahraniční,idnes.cz
To byly nervy. Házenkářky v přímém souboji o postup udolaly Slovensko,https://1gr.cz/fotky/idnes/21/121/cl6/ROU8fe008_czehun2.jpg,"České házenkářky zvítězily v závěrečném utkání základní skupiny mistrovství světa ve Španělsku nad Slovenskem 24:23 a prošly do další fáze turnaje. Nervózní souboj o postup s bývalým federálním partnerem až v závěrečné desetiminutovce, několika zákroky k tomu přispěla i brankářka Petra Kudláčková.","Mon, 06 Dec 2021 18:45:00 GMT",https://www.idnes.cz/sport/hazena/cesko-slovensko-mistrovstvi-sveta-zeny-online-zpravodajstvi.A211206_103850_hazena_tof#utm_source=rss&utm_medium=feed&utm_campaign=idnes&utm_content=main,Sport - Házená,idnes.cz
Švédští florbalisté deklasovali Dánsko a zajistili si čtvrtfinále,https://1gr.cz/fotky/idnes/21/121/cl6/TEN8fea9a_profimedia_0646650163.jpg,Švédští florbalisté deklasovali v závěrečném utkání základní skupiny A na mistrovství světa v Helsinkách Dánsko 15:1 a zajistili si přímý postup do čtvrtfinále ze druhého místa za Finskem.,"Mon, 06 Dec 2021 18:08:00 GMT",https://www.idnes.cz/sport/florbal/mistrovstvi-sveta-florbalistu.A211206_190833_florbal_ten#utm_source=rss&utm_medium=feed&utm_campaign=idnes&utm_content=main,Sport - Florbal,idnes.cz
"Na práva těhotných už sahá také Írán. Omezí potraty, hrozit má i trest smrti",https://1gr.cz/fotky/idnes/21/121/cl6/KHA8fd957_profimedia_0523290936.jpg,"Po Američankách a Polkách došlo už i na Íránky. Vláda nového konzervativního prezidenta Íránu Ebráhíma Raísího chce zpřísnit nynější podmínky potratů. Ale nejen to. Omezit se má i přístup k antikoncepci, sterilizace pak bude úplně zakázaná. Za porušení zákona mohou viníci dostat i trest smrti. Novým zákonem chce vláda zastavit stárnutí populace.","Mon, 06 Dec 2021 18:06:00 GMT",https://www.idnes.cz/zpravy/zahranicni/iran-vlada-potraty-zprisneni-ebrahim-raisi.A211203_165456_zahranicni_kha#utm_source=rss&utm_medium=feed&utm_campaign=idnes&utm_content=main,Zprávy - Zahraničí,idnes.cz
Režisér Šmídmajer: Kundera dodnes mluví moravským nářečím. Zůstal Čech jako poleno,https://1gr.cz/fotky/idnes/21/112/cl6/LUH8f7972_HLAVNmdmajer_mafra_Michal_Svek_3.jpg,"Do filmového světa se poprvé zapsal před třiceti lety dokumentem o Miloši Formanovi. Následovalo mnoho dalších portrétů známých osobností a také komedií, které přivedl na svět coby producent. Až posledních třináct let se Miloslav Šmídmajer věnuje převážně režii hraných filmů. Připomeňme komedie Probudím se včera, Případ mrtvého nebožtíka nebo pohádku Peklo s princeznou. Jeho posledním počinem je však opět dokument, tentokrát o Milanu Kunderovi. Co mají Kundera s Formanem společného? A o jakém filmu ještě sní?","Mon, 06 Dec 2021 18:00:00 GMT",https://www.idnes.cz/kultura/film-televize/miloslav-smidmajer-rezie-milos-forman-dokument-milan-kundera.A211112_145449_filmvideo_wes#utm_source=rss&utm_medium=feed&utm_campaign=idnes&utm_content=main,Kultura - Film/TV,idnes.cz
"Sníh a mráz vydrží ještě tento týden, Vánoce budou zřejmě opět na blátě",https://1gr.cz/fotky/idnes/12/011/cl6/TOP404356__MG_3055.jpg,"Nejchladnější počasí z nadcházejícího období čeká Česko tento týden, bude mrznout i sněžit. V dalších týdnech, včetně vánočních svátků, se ale zřejmě mírně oteplí. Už začátkem příštího týdne se mohou teploty přes den dostat hlavně v Čechách až na sedm stupňů nad nulou. Jinak bude závěr roku teplotně průměrný, uvedli meteorologové ve svém měsíčním výhledu.","Mon, 06 Dec 2021 17:59:00 GMT",https://www.idnes.cz/zpravy/domaci/pocasi-predpoved-chmu-meteorologove-vanoce-snih-zima.A211206_181420_domaci_pmk#utm_source=rss&utm_medium=feed&utm_campaign=idnes&utm_content=main,Zprávy - Domácí,idnes.cz
"STALO SE DNES: Zemanovi skončí izolace, do USA jen s čerstvým testem",https://1gr.cz/fotky/idnes/21/121/cl6/KOP8fe9b3_ZemanLangdlov.jpg,"Miloš Zeman se bude moci koncem týdne již scházet s ministry nové vlády bez skleněné bariéry, po dvou týdnech mu skončí povinnost izolace. Ještě tento týden má také vyjít vyhláška o povinnosti se očkovat na covid pro vybrané skupiny obyvatel. Do USA je nově potřeba mít negativní test na covid ne starší než jeden den.","Mon, 06 Dec 2021 17:44:00 GMT",https://www.idnes.cz/zpravy/domaci/stalo-se-covid-pandemie-cestovani-adam-vojtech-zeman-usa-myanmar.A211206_172236_domaci_hend#utm_source=rss&utm_medium=feed&utm_campaign=idnes&utm_content=main,Zprávy - Domácí,idnes.cz
"Gól Slavie uznán správně, brance Slovácka ruka předcházela, řekla komise",https://1gr.cz/fotky/idnes/21/121/cl6/MIN8fe968_P2021120407228.jpg,"Kontroverzní situace, v nichž v hlavní roli bylo hraní rukou, sudí v 17. kole fotbalové ligy vyřešili správně podle pravidel. Oznámila to komise rozhodčích.","Mon, 06 Dec 2021 17:43:00 GMT",https://www.idnes.cz/fotbal/prvni-liga/predseda-komise-rozhodcich-radek-prihoda-olomouc-slavia-slovacko-plzen-machalek-var-pechanec.A211206_173159_fotbal_min#utm_source=rss&utm_medium=feed&utm_campaign=idnes&utm_content=main,Fotbal - První liga,idnes.cz
Švédové mají v nominaci do Moskvy dva mistry světa a jednoho nováčka,https://1gr.cz/fotky/idnes/18/052/cl6/MH273420f_mma411_hockey_world_svk_swe_0512_11.jpg,Dva mistry světa z roku 2018 a jednoho nováčka zařadil do nominace na Channel One Cup v Moskvě trenér švédských hokejistů Johan Garpenlöv. Zlatou medaili v Dánsku před třemi roky získali brankář Magnus Hellberg ze Soči a útočník Jacob de la Rose z Färjestadu. Na premiéru se může těšit forvard Dmytro Timashov z celku Brynäs Gävle.,"Mon, 06 Dec 2021 17:38:00 GMT",https://www.idnes.cz/hokej/reprezentace/svedsko-moskva-channel-one-cup-nominace.A211206_174315_reprezentace_ten#utm_source=rss&utm_medium=feed&utm_campaign=idnes&utm_content=main,Hokej - Reprezentace,idnes.cz
Hyka rozhodl po Sedlákově přihrávce o výhře Čeljabinsku nad Kunlunem,https://1gr.cz/fotky/idnes/21/121/cl6/TEN8fea74_profimedia_0596276937.jpg,"Tomáš Hyka skóroval v druhém utkání Kontinentální hokejové ligy za sebou, po přihrávce Lukáše Sedláka rozhodl o výhře Čeljabinsku nad Kunlunem 3:2 v prodloužení. Traktor se díky vítězství dotáhl v tabulce Východní konference na vedoucí Magnitogorsk, který doma podlehl 2:3 Spartaku Moskva.","Mon, 06 Dec 2021 17:31:00 GMT",https://www.idnes.cz/hokej/evropske-ligy/khl-zpravo.A211206_182213_evropa_ten#utm_source=rss&utm_medium=feed&utm_campaign=idnes&utm_content=main,Hokej - Evropské ligy,idnes.cz
"Poklidný postup florbalistů, ve čtvrtfinále je čeká soupeř z předkola",https://1gr.cz/fotky/idnes/21/121/cl6/JRV8fe52e_51727167174_96581e1e05_o.jpg,"První postupný cíl na mistrovství světa mají čeští florbalisté zdárně za sebou. Po vítězství nad Norskem, které porazili 7:3, si zajistili přímou cestu do středečního čtvrtfinále, v němž se utkají s vítězem předkola Kanada - Lotyšsko.","Mon, 06 Dec 2021 17:29:00 GMT",https://www.idnes.cz/sport/florbal/cesko-norsko-mistrovstvi-sveta-muzi-online-zpravodajstvi.A211206_160738_florbal_tof#utm_source=rss&utm_medium=feed&utm_campaign=idnes&utm_content=main,Sport - Florbal,idnes.cz
"Sparťané potřetí se švédským sokem. Ta síla proti nám je velká, uznal Jandač",https://1gr.cz/fotky/idnes/21/102/cl6/HUD8eb9e0_P2021100609154.jpg,Již se třetím švédským celkem se v probíhajícím ročníku Ligy mistrů utkají hokejisté Sparty. V úterý je v úvodním čtvrtfinále play off čeká Rögle. Odveta přijde na řadu o týden později. Zápas v Tipsport areně se bude hrát od 18 hodin a Pražané si v něm touží vybudovat pozici do odvety.,"Mon, 06 Dec 2021 17:18:00 GMT",https://www.idnes.cz/hokej/evropske-ligy/pozvanka-liga-mistru-sparta-rogle-ctvrtfinale.A211206_170429_evropa_ten#utm_source=rss&utm_medium=feed&utm_campaign=idnes&utm_content=main,Hokej - Evropské ligy,idnes.cz
"Kronika Tisé získala český překlad, výtisk dostane každá domácnost v obci",https://1gr.cz/fotky/idnes/21/121/cl6/MEN8fd8c5_150429_5045598.jpg,"Českého překladu se dočkala německy psaná kronika Tisé na Ústecku. Až do konce druhé světové války žili v obci převážně Němci, tudíž i kronika byla do té doby vedená v němčině. Zatím je vydáno 300 kusů a v plánu už je další dotisk. Výtisk teď dostane každá domácnost v Tisé.","Mon, 06 Dec 2021 17:11:00 GMT",https://www.idnes.cz/usti/zpravy/tisa-nemecka-kronika-kronikar-rehak.A211203_143503_usti-zpravy_mendl#utm_source=rss&utm_medium=feed&utm_campaign=idnes&utm_content=main,Ústí - Ústí - zprávy,idnes.cz
Vyhlášku o povinném očkování proti covidu vydá Vojtěch do konce týdne,https://1gr.cz/fotky/idnes/21/103/cl6/IHA8ee1c7_rozhlouensvstavou05.jpg,"Ministr zdravotnictví Adam Vojtěch vydá do konce týdne vyhlášku, která nařídí povinné očkování proti covidu pro lidi nad 60 let a vybrané profese. Vyhláška má začít platit od března příštího roku. Hnutí SPD Tomia Okamury oznámilo, že vyhlášku napadne jako diskriminační u soudu hned, jak vyjde ve Sbírce zákonů.","Mon, 06 Dec 2021 17:03:00 GMT",https://www.idnes.cz/zpravy/domaci/jednani-vlady-koronavirus-povinne-ockovani-redukce-u-hromadnych-akci.A211206_054708_domaci_kop#utm_source=rss&utm_medium=feed&utm_campaign=idnes&utm_content=main,Zprávy - Domácí,idnes.cz
"Musíme řešit dopravu i Green Deal, říká nový šéf hospodářského výboru",https://1gr.cz/fotky/idnes/17/093/cl6/TUU6e50c4_102709_3366413.jpg,"Skončit po 23 letech v čele trutnovské radnice bylo pro Ivana Adamce z ODS rozhodnutím z nejtěžších. Vést sněmovní hospodářský výbor je však jedinečná příležitost. Výbor, jehož se stal šéfem, považuje za prestižní a silový. Čeká ho schvalování zákonů z oblasti průmyslu, dopravy, zemědělství i životního prostředí.","Mon, 06 Dec 2021 17:03:00 GMT",https://www.idnes.cz/hradec-kralove/zpravy/ivan-adamec-ods-hospodarsky-vybor-snemovna-starosta-trutnov.A211201_639261_hradec-zpravy_pos#utm_source=rss&utm_medium=feed&utm_campaign=idnes&utm_content=main,Hradec - Hradec - zprávy,idnes.cz
Před soudem stanulo za prodej pozemků celé zastupitelstvo obce,https://1gr.cz/fotky/idnes/21/121/cl6/LAD8fe94c_14E3_728C_4C5B_BBF6_0F8729E189F61.jpeg,Všech sedm zastupitelů vesničky Třebčice na Plzeňsku postavila státní zástupkyně před soud kvůli prodeji obecních pozemků. Vedení obce hrozí až pětileté tresty.,"Mon, 06 Dec 2021 16:56:00 GMT",https://www.idnes.cz/plzen/zpravy/trebcice-zastupitele-soud-finance.A211206_132124_plzen-zpravy_lad#utm_source=rss&utm_medium=feed&utm_campaign=idnes&utm_content=main,Plzeň - Plzeň - zprávy,idnes.cz
"Bankovních podvodů přibývá, varuje asociace. Podvodníci vysávají celé účty",https://1gr.cz/fotky/idnes/21/061/cl6/IHA8bf5d2_profimedia_0612111852.jpg,"Česká bankovní asociace (ČBA) varuje klienty bank před novou vlnou podvodných útoků. Podvodníci využívají nepozornosti klientů v předvánočním období a pod záminkou, že jsou jejich peníze v ohrožení, je donutí vybrat úspory a vložit je na podvodné účty. Četnost těchto podvodů v posledních týdnech dramaticky stoupla, informovala asociace.","Mon, 06 Dec 2021 16:55:00 GMT",https://www.idnes.cz/ekonomika/domaci/ceska-bankovni-asociace-podvod-ucet-banky.A211206_150654_ekonomika_mato#utm_source=rss&utm_medium=feed&utm_campaign=idnes&utm_content=main,Ekonomika - Domácí,idnes.cz
Kladenští volejbalisté razantně ukončili vítěznou sérii Příbrami,https://1gr.cz/fotky/idnes/20/093/cl6/ELV86351a_IMG_2874.JPG,"Kladenští volejbalisté nečekaně rázně ukončili čtyřzápasovou vítěznou sérii Příbrami v extralize. V televizní dohrávce 11. kola vyhráli jednoznačně 25:21, 25:15, 25:17 a oplatili soupeři nedávné vyřazení z Českého poháru.","Mon, 06 Dec 2021 16:46:00 GMT",https://www.idnes.cz/sport/volejbal/uniqa-extraliga-volejbalistu-kladno-pribram.A211206_174327_volejbal_ten#utm_source=rss&utm_medium=feed&utm_campaign=idnes&utm_content=main,Sport - Volejbal,idnes.cz
Berlín chce Spojené státy evropské. Plánuje utužení unijní integrace,https://1gr.cz/fotky/idnes/21/121/cl6/LUH8fd931_profimedia_0644764986.jpg,"Příští německá koaliční vláda spřádá federalistické vize. Touží prosadit změny, které by vedly k mnohem užší integraci evropské sedmadvacítky, než je tomu dosud.","Mon, 06 Dec 2021 16:39:00 GMT",https://www.idnes.cz/zpravy/zahranicni/nemecko-vlada-evropska-integrace-eu.A211205_195705_zahranicni_vapo#utm_source=rss&utm_medium=feed&utm_campaign=idnes&utm_content=main,Zprávy - Zahraničí,idnes.cz
"V Ralsku dokončili opravu rybníka, práce zkomplikovala rašelina",https://1gr.cz/fotky/idnes/21/121/cl6/JAP8fe9f3_01.jpeg,Monumentální molo s bezpečnostním přelivem a požerákem. Chodníček podél silnice na hrázi. Menší mola kolem vodní plochy. Taková jsou nová poznávací znamení rybníka v Ralsku-Hradčanech. Rekonstrukce vyšla na bezmála 30 milionů korun a táhla se dlouhé tři roky.,"Mon, 06 Dec 2021 16:31:00 GMT",https://www.idnes.cz/liberec/zpravy/ralsko-rybnik-oprava-rekonstrukce-molo.A211206_161532_liberec-zpravy_jape#utm_source=rss&utm_medium=feed&utm_campaign=idnes&utm_content=main,Liberec - Liberec - zprávy,idnes.cz
"Hokejové Dynamo reaguje na kritiku fanoušků, o vstupenky se bude losovat",https://1gr.cz/fotky/idnes/17/034/cl6/MSV6a4a22_notext.jpg,"Ještě větší problémy, než se čekalo, vyvolalo výrazné omezení vstupu na hokejové zápasy pardubického Dynama. Klub totiž pro mnohé dost nepochopitelně pustil na atraktivní zápas s Třincem jen držitele permanentních vstupenek na stání.","Mon, 06 Dec 2021 16:30:00 GMT",https://www.idnes.cz/pardubice/zpravy/dynamo-hokej-dedek-fanousci-permanentky-klub.A211204_639993_pardubice-zpravy_skn#utm_source=rss&utm_medium=feed&utm_campaign=idnes&utm_content=main,Pardubice - Pardubice - zprávy,idnes.cz
"Philadelphia hoří, není nač čekat. Kouč Vigneault po osmi prohrách končí",https://1gr.cz/fotky/idnes/21/101/cl6/IVT8e9cfe_P2021100600434.jpg,"U hokejistů Philadelphie končí trenér Alain Vigneault. Klub NHL se rozhodl kouče propustit po osmi porážkách za sebou, po nichž mužstvo dělí jen dvě prohry od vyrovnání nejhorší série v historii klubu.","Mon, 06 Dec 2021 16:27:00 GMT",https://www.idnes.cz/hokej/nhl/konec-trener-alain-vigneault-philadelphia.A211206_172345_nhl_ten#utm_source=rss&utm_medium=feed&utm_campaign=idnes&utm_content=main,Hokej - NHL,idnes.cz
Opava koupila za necelých 40 milionů zchátralý obchodní dům Breda,https://1gr.cz/fotky/idnes/21/113/cl6/JOG8fc17c_P2021112706707.jpg,"Přes dvě hodiny diskutovali zastupitelé Opavy o tom, jestli za necelých čtyřicet milionů korun mají koupit zchátralý obchodní dům Breda v centru města. Nakonec bylo v 39členném zastupitelstvu pro koupi 21 zastupitelů, nákup architektonicky cenného objektu tedy prošel o dva hlasy.","Mon, 06 Dec 2021 16:25:00 GMT",https://www.idnes.cz/ostrava/zpravy/breda-zastupitelstvo-obchodni-dum-kurt-gebauer.A211206_165146_ostrava-zpravy_jog#utm_source=rss&utm_medium=feed&utm_campaign=idnes&utm_content=main,Ostrava - Ostrava - zprávy,idnes.cz
Do USA jen s negativním testem ne starším než den. Platí to i pro očkované,https://1gr.cz/fotky/idnes/20/041/cl6/WOJ826c37_131925_19193108.jpg,"Do Spojených států je očkovaným vstup nově povolen jen s negativním testem na covid, který není starší než jeden den. V ČR však vyhodnocení PCR testů často trvá i déle než 48 hodin. Pokud budou cestující chtít mít jistotu, že do zámoří odletí, budou si muset připlatit za přednostní vyhodnocení testu.","Mon, 06 Dec 2021 16:19:00 GMT",https://www.idnes.cz/zpravy/domaci/covid-testovani-ockovani-usa-cestovani-letiste-opatreni-pandemie.A211206_163514_domaci_hend#utm_source=rss&utm_medium=feed&utm_campaign=idnes&utm_content=main,Zprávy - Domácí,idnes.cz
"Američané budou politicky bojkotovat zimní olympiádu v Číně, Peking vyhrožuje odvetou",https://1gr.cz/fotky/idnes/21/103/cl6/TEN8f03b0_ppptsw08_olympics_2022_0204_11.jpg,"Administrativa amerického prezidenta Joea Bidena v pondělí oznámila, že nadcházející zimní olympiády v Pekingu se nezúčastní žádní představitelé vlády Spojených států. Bílý dům to odůvodnil porušováním lidských práv v Číně. Čínské ministerstvo zahraničí v reakci pohrozilo „tvrdými protiopatřeními“.","Mon, 06 Dec 2021 19:46:00 GMT",https://www.lidovky.cz/svet/cina-olympiada-zimni-2022-usa-biden-bojkot.A211206_144234_ln_zahranici_kov#utm_source=rss&utm_medium=feed&utm_campaign=ln_lidovky&utm_content=main,Události - Svět,lidovky.cz
Břímě bílého muže II. Papež opět kritizoval lhostejnost a sobeckost Evropy,https://1gr.cz/fotky/idnes/21/121/cl6/BAK8fe3c8_BLR_POPE_GREECE_LESBOS_1205_1M.JPG,"Zastavme toto ničení civilizace, vyzval v neděli papež František. Že by tím myslel vypouštění emisí? Či snad ochranu nenarozených životů po vzoru Polska? Ale kdež. Papež tak promluvil v táboře pro migranty na ostrově Lesbos a ničením civilizace měl na mysli životy ukončené při plavbách přes Středozemní moře.","Mon, 06 Dec 2021 18:00:00 GMT",https://www.lidovky.cz/nazory/brime-bileho-muze-ii-papez-opet-kritizoval-lhostejnost-a-sobeckost-evropy.A211206_175705_ln_nazory_rkj#utm_source=rss&utm_medium=feed&utm_campaign=ln_lidovky&utm_content=main,Události - Názory,lidovky.cz
Německo: Scholz je těsně před cílem. Resorty vnitra i obrany povedou v nové vládě ženy,https://1gr.cz/fotky/lidovky/21/121/cl6/RKJ8fea8b_39402e52afde7fdc5892d500b392a613_3.jpg,"Příští německá vládní koalice v pondělí překonala jednu z posledních překážek, jež ještě bránila jejímu ustavení.","Mon, 06 Dec 2021 17:52:00 GMT",https://www.lidovky.cz/svet/nemecko-scholz-je-tesne-pred-cilem-resorty-vnitra-i-obrany-povedou-v-nove-vlade-zeny.A211206_184507_ln_zahranici_rkj#utm_source=rss&utm_medium=feed&utm_campaign=ln_lidovky&utm_content=main,Události - Svět,lidovky.cz
"Zdražují i odvětví, která by nemusela, říká odborník. Naznačil, jak to bude se mzdami na začátku příštího roku",https://1gr.cz/fotky/idnes/21/052/cl6/TBR8b684b_133329_10576511.jpg,"Rozseknout vazbu mezi inflací a růstem mezd mohou vyšší úrokové sazby a zahraniční zaměstnanci, říká Štěpán Křeček, šéfekonom společnosti BH Securities.","Mon, 06 Dec 2021 17:40:00 GMT",https://www.lidovky.cz/byznys/zdrazuji-i-odvetvi-ktera-by-nemusela-rika-odbornik-domacnosti-utraci-penize-ktere-za-posledni-roky-u.A211206_182456_ln_ekonomika_rkj#utm_source=rss&utm_medium=feed&utm_campaign=ln_lidovky&utm_content=main,Události - Byznys,lidovky.cz
Vyhlášku o povinném očkování proti covidu vydá Vojtěch do konce týdne. SPD ji hned napadne u soudu,https://1gr.cz/fotky/idnes/21/093/cl6/KOP8e60c8_P2021092706534.jpg,"Ministr zdravotnictví Adam Vojtěch vydá do konce týdne vyhlášku, která nařídí povinné očkování proti covidu pro lidi nad 60 let a vybrané profese. Vyhláška má začít platit od března příštího roku. Hnutí SPD Tomia Okamury oznámilo, že vyhlášku napadne jako diskriminační u soudu hned, jak vyjde ve Sbírce zákonů.","Mon, 06 Dec 2021 17:03:00 GMT",https://www.lidovky.cz/domov/jednani-vlady-koronavirus-povinne-ockovani-redukce-u-hromadnych-akci.A211206_113253_ln_domov_kov#utm_source=rss&utm_medium=feed&utm_campaign=ln_lidovky&utm_content=main,Události - Domov,lidovky.cz
Kalousek má plán. Někdy stačí být druhý nejvyšší,https://1gr.cz/fotky/idnes/21/102/cl6/PKU6abccb_173016_6201091.jpg,"Dříve peklo zmrzne, než se v Česku stane katolický kněz prezidentem, stálo na tomto místě před lety, kdy o svých ambicích přemýšlel Tomáš Halík. Když teď začal svou pre-prezidentskou kampaň Miroslav Kalousek, mohli bychom tehdejší bonmot posunout: Dřív bude Andrej Babiš svatořečen, než se pan Kalousek stane prezidentem.","Mon, 06 Dec 2021 15:12:00 GMT",https://www.lidovky.cz/nazory/kalousek-ma-plan-nekdy-staci-byt-druhy-nejvyssi.A211206_160907_ln_nazory_rkj#utm_source=rss&utm_medium=feed&utm_campaign=ln_lidovky&utm_content=main,Události - Názory,lidovky.cz
"Zájemců o Hrad přibývá. Pekarová by chtěla společného kandidáta pětikoalice, bude to Kalousek?",https://1gr.cz/fotky/idnes/21/113/cl6/ISE8f8e85_DSC_0029.jpg,"Už příští rok se rozběhne kampaň prezidentských adeptů. Někteří už se do hry o Hrad přihlásili, zatím ale nesměle. Oficiální to zatím není ani od Andreje Babiše či Miroslava Kalouska.","Mon, 06 Dec 2021 15:05:00 GMT",https://www.lidovky.cz/domov/zajemcu-o-hrad-pribyva-pekarova-by-chtela-spolecneho-kandidata-petikoalice-bude-to-kalousek.A211206_152950_ln_domov_rkj#utm_source=rss&utm_medium=feed&utm_campaign=ln_lidovky&utm_content=main,Události - Domov,lidovky.cz
"Desítky kilometrů dálnic ročně, slíbil u Zemana příští ministr dopravy Kupka. Zmínil i vysokorychlostní tratě",https://1gr.cz/fotky/idnes/21/121/cl6/KOP8fe8bc_ZemanKupka.jpg,"S kandidátem na ministra dopravy Martinem Kupkou z ODS jednal na zámku v Lánech prezident Miloš Zeman. „Klíčové je opravdu postoupit ve výstavbě dálniční sítě v České republice a zároveň připravit vysokorychlostní tratě,“ řekl Kupka. Má ambici ročně dokončovat desítky kilometrů dálnic.","Mon, 06 Dec 2021 14:50:00 GMT",https://www.lidovky.cz/domov/prezident-zeman-kandidati-do-vlady-kupka-langsadlova.A211206_112516_ln_domov_kov#utm_source=rss&utm_medium=feed&utm_campaign=ln_lidovky&utm_content=main,Události - Domov,lidovky.cz
Za podněcování k násilí dva roky. Svržená vůdkyně Su Ťij půjde do vězení,https://1gr.cz/fotky/idnes/21/121/cl6/BUR8fe7f6_985709ab01e35a4c515e53382d42ead4_2.jpg,"Za podněcování k násilí a porušení koronavirových opatření dva roky vězení. Takový trest uložil barmský soud svržené vůdkyni Do Aun Schan Su Ťij. Původní trest zněl čtyři roky vězení, později byl však snížen. Státní televize uvedla, že političku částečně omilostnil šéf vojenské junty.","Mon, 06 Dec 2021 14:07:00 GMT",https://www.lidovky.cz/svet/su-tij-barma-trest-vezeni.A211206_080907_ln_zahranici_kov#utm_source=rss&utm_medium=feed&utm_campaign=ln_lidovky&utm_content=main,Události - Svět,lidovky.cz
"Vir hatí školám lyže i plesy. Neočkovaní studenti budou mít asi smůlu, komplikací jsou testy",https://1gr.cz/fotky/idnes/14/022/cl6/SLV5127f7_151028_3933649.jpg,"Neočkovaní žáci nejspíš přijdou o školní lyžařské kurzy. Jejich organizaci komplikuje testování. Maturanti se strachují, že je pandemie koronaviru připraví o plesy.","Mon, 06 Dec 2021 13:27:00 GMT",https://www.lidovky.cz/domov/vir-hati-skolam-lyze-i-plesy-neockovani-studenti-budou-mit-asi-smulu-komplikaci-jsou-testy.A211206_135748_ln_domov_tmr#utm_source=rss&utm_medium=feed&utm_campaign=ln_lidovky&utm_content=main,Události - Domov,lidovky.cz
"Blíží se ruský vpád na Ukrajinu? Vojenský expert nastínil několik scénářů, záleží na záměru operace",https://1gr.cz/fotky/idnes/21/113/cl6/AHA8fa04c_40GI_UKRAINE_CRISIS_DRILLS_1117_1B.JPG,"Nevěřte Putinovi, nenechá nás na pokoji, zní z Kyjeva. Odpor Kremlu k rozšiřování NATO je jen záminka. Zatím jde o válku slov. O ruskou diplomacii v železných rukavicích. Poblíž ukrajinské hranice Moskva shromáždila masivní armádní sbor. Až 175 tisíc ruských vojáků se má zkraje roku 2022 chystat na ofenzivu proti Ukrajině. Informovala o tom agentura AP s odvoláním na nejmenovaného vysokého amerického představitele.","Mon, 06 Dec 2021 12:36:00 GMT",https://www.lidovky.cz/svet/rusky-vpad-na-ukrajinu-se-blizi-vojensky-expert-nastinil-nekolik-scenaru-zalezi-na-zameru-operace.A211206_130128_ln_zahranici_tmr#utm_source=rss&utm_medium=feed&utm_campaign=ln_lidovky&utm_content=main,Události - Svět,lidovky.cz
"Jeho slizké chování nebyla hra, řekl soudce. Predátor z dokumentu V síti půjde na dva roky do vězení",https://1gr.cz/fotky/idnes/21/023/cl6/PRI89ac10_stnadLabem.jpg,"Ústecký krajský soud potvrdil dvouletý trest vězení pro Martina K., jednoho z takzvaných predátorů z dokumentu V síti zabývajícím se zneužíváním dětí na internetu. Muž chtěl po dívkách, které se pro účely filmu vydávaly za teprve dvanáctileté, například obnažené fotografie.","Mon, 06 Dec 2021 12:26:22 GMT",https://www.lidovky.cz/domov/krajsky-soud-odvolani-v-siti-dokument-predator-vezeni.A211206_132622_ln_domov_kov#utm_source=rss&utm_medium=feed&utm_campaign=ln_lidovky&utm_content=main,Události - Domov,lidovky.cz
"Nesouhlasí doktoři s očkováním? Ať klidně z lékařské komory odejdou, vzkazuje kolegům její šéf Kubek",https://1gr.cz/fotky/idnes/20/101/cl6/JB869df2_r3.jpg,"Přestože Česká lékařská komora za nejúčinnější zbraň proti covidu považuje očkování, názory na vakcíny jsou mezi lékaři různé. Ti, kteří jsou proti a vystupují na alternativních platformách by podle prezidenta ČLK Milana Kubka udělali nejlépe, kdyby z ní vystoupili. Nemohli by pak poškozovat své pacienty, řekl ve vysílání CNN Prima News.","Mon, 06 Dec 2021 11:22:00 GMT",https://www.lidovky.cz/domov/kubek-ceska-lekarska-komora-ockovani.A211206_122249_ln_domov_kov#utm_source=rss&utm_medium=feed&utm_campaign=ln_lidovky&utm_content=main,Události - Domov,lidovky.cz
"Kýla nebo klouby musejí počkat. Nemocnice odkládají operace, řada lidí trpí v bolestech",https://1gr.cz/fotky/lidovky/21/113/cl6/VAG8fbd6e_162416_15006885_1.jpg,"„Nejde to, nezlobte se, zkuste se zeptat v lednu,“ odpovídají čím dál častěji nemocnice, když dojde na operaci. Stalo se to třeba Josefovi z Prahy, před pár týdny mu přišli na tříselnou kýlu, to když se mu měkkou tkání prodralo ven střevo.","Mon, 06 Dec 2021 11:00:00 GMT",https://www.lidovky.cz/domov/kyla-nebo-klouby-museji-pockat-nemocnice-odkladaji-neakutni-operace-rada-lidi-tim-trpi.A211205_194901_ln_domov_lros#utm_source=rss&utm_medium=feed&utm_campaign=ln_lidovky&utm_content=main,Události - Domov,lidovky.cz
Zaměstnanci si polepšili o dva tisíce. Průměrná mzda stoupla na 37 499 korun,https://1gr.cz/fotky/idnes/21/091/cl6/SOV8de8a2_profimedia_00107132501.jpg,"Průměrná mzda v Česku v letošním třetím čtvrtletí meziročně vzrostla o 5,7 procenta na 37 499 korun. V hrubém tak zaměstnanci dostávali v průměru o 2012 korun více než před rokem. Po zahrnutí růstu spotřebitelských cen výdělek reálně stoupl o 1,5 procenta.","Mon, 06 Dec 2021 10:03:00 GMT",https://www.lidovky.cz/byznys/prumerna-mzda-cr-kraje.A211206_100726_ln_ekonomika_kov#utm_source=rss&utm_medium=feed&utm_campaign=ln_lidovky&utm_content=main,Události - Byznys,lidovky.cz
Problém El. Dokáže být pan prezident vůči vládě Petra Fialy velkorysý?,https://1gr.cz/fotky/idnes/21/113/cl6/BUR8fbbbf_P2021112802487.jpg,"Přezkušování kandidátů na ministry vstupuje do druhého poločasu. Ten první zdál se být zvenku až nudný a proběhl bez překvapení. Všichni dosavadní kandidáti při pohovoru uspěli. Hned toho prvního měl pan prezident (dále jen PP) roztomile ujistit, že ho jmenovat ministrem bude už jen proto, že jsou ještě i horší kandidáti na ministerská křesla.","Mon, 06 Dec 2021 09:53:00 GMT",https://www.lidovky.cz/nazory/problem-el-dokaze-byt-pan-prezident-vuci-vlade-petra-fialy-velkorysy.A211206_105330_ln_nazory_tmr#utm_source=rss&utm_medium=feed&utm_campaign=ln_lidovky&utm_content=main,Události - Názory,lidovky.cz
"Horolezec našel na Mont Blanku truhlu smaragdů ze zříceného letadla, ležela tam více než 50 let. Část si může nechat",https://1gr.cz/fotky/idnes/19/074/cl6/VOJ7d049a_fra_montblanc_naturelresort.jpg,"Při zdolávání hory Mont Blanc v roce 2013 našel alpinista truhlu smaragdů, rubínů a safírů na francouzské straně hory. Nález předal policii, a neúspěšně se pokoušel vypátrat rodinu majitele truhly. Nyní dostal polovinu nalezených drahokamů. Podle agentury AFP se předpokládá, že truhlice patřila cestujícímu na palubě indického letadla, které se zřítilo před půlstoletím.","Mon, 06 Dec 2021 07:24:06 GMT",https://www.lidovky.cz/svet/horolezec-truhla-smaragdu-mont-blanc-indicke-letadlo.A211206_082406_ln_zahranici_kov#utm_source=rss&utm_medium=feed&utm_campaign=ln_lidovky&utm_content=main,Události - Svět,lidovky.cz
"Daří se jí podnikat i ve složité době. Řídí dvě finanční pobočky, plánuje otevřít třetí",https://1gr.cz/fotky/lidovky/21/121/cl6/APE8fd37f_175402_6517700.jpg,"Původně pouze hledala pomoc finančního odborníka. Nyní je Marcela Kutláková spolumajitelka dvou finančních poboček Partners Market na jihu Čech, vede třináctičlenný tým, a tím rozhodně nekončí. Podnikání je pro ni koníčkem.","Mon, 06 Dec 2021 07:00:00 GMT",https://www.lidovky.cz/byznys/mym-cilem-bylo-zmenit-nahled-okoli-financni-poradce-je-potreba.A211202_162522_ln_ekonomika_ape#utm_source=rss&utm_medium=feed&utm_campaign=ln_lidovky&utm_content=main,Události - Byznys,lidovky.cz
"I v příštích dnech bude mrznout. V noci teplota klesne i k minus sedmi, může se tvořit náledí",https://1gr.cz/fotky/idnes/21/113/cl6/ZDO8fbc9c_135111_6990989_1.jpg,"Zimním teplotám a mrazu se nevyhneme ani v příštích dnech. Přes den se budou nejvyšší denní teploty pohybovat od 3 do -2 stupňů. V noci teplota klesne i k minus sedmi, na místech se sněhovou pokrývkou i k minus 10. Roztátý sníh přes den může v noci tvořit náledí a námrazu. V týdnu bude většinou oblačno až zataženo s občasným sněžením. Lehké oteplení má přijít na konci týdne.","Mon, 06 Dec 2021 06:43:00 GMT",https://www.lidovky.cz/domov/predpoved-pocasi-cesky-hydrometeorologicky-ustav.A211206_074358_ln_domov_kov#utm_source=rss&utm_medium=feed&utm_campaign=ln_lidovky&utm_content=main,Události - Domov,lidovky.cz
"Situace se zlepšuje, nově nakažených je o třetinu méně než před týdnem. Klesá i číslo R",https://1gr.cz/fotky/idnes/21/121/cl6/LUH8fcde0_PMK8fc25a_141613_12267006.jpg,"Počet nově nakažených v mezitýdenním srovnání klesl počtvrté za sebou. V neděli laboratoře odhalily 6 325 případů nákazy. V nemocnicích je s covidem 6338 pacientů, z toho 1 014 v těžkém stavu. V obou případech je to mírný pokles. Opět klesla také incidence. Reprodukční číslo je druhý den po sobě 0,89.","Mon, 06 Dec 2021 05:29:00 GMT",https://www.lidovky.cz/domov/epidemie-covid-statistiky-koronavirus-cesko.A211206_062943_ln_domov_kov#utm_source=rss&utm_medium=feed&utm_campaign=ln_lidovky&utm_content=main,Události - Domov,lidovky.cz
"PŘEHLEDNĚ: Vše o třetí dávce. Kdy si ji dát, pro koho je vhodná a podle čeho ji vybrat",https://1gr.cz/fotky/idnes/21/111/cl6/IHA8f3081_Praha021121PETR.jpg,"Odborníci považují třetí posilující dávku vakcíny proti koronaviru za klíčovou v boji s pandemií, zvlášť kvůli tomu, že účinnost jak dvoudávkových, tak i té jednodávkové časem rapidně klesá.","Mon, 06 Dec 2021 04:00:00 GMT",https://www.lidovky.cz/domov/prehledne-vse-o-treti-davce-kdy-si-ji-dat-pro-koho-je-vhodna-a-podle-ceho-ji-vybrat.A211205_201851_ln_domov_lros#utm_source=rss&utm_medium=feed&utm_campaign=ln_lidovky&utm_content=main,Události - Domov,lidovky.cz
"Desetitisíce Čechů mohou zůstat bez proudu. Energetické firmy dohledávají ty, kteří nereagují na nabídky",https://1gr.cz/fotky/lidovky/21/121/cl6/LRO8fe520_iStock_1182490506.jpg,"Sedm týdnů po pádu Bohemia Energy jsou v Česku stále desítky tisíc lidí, kteří nejspíše vůbec nevědí, že skončili u dodavatele poslední instance. Každá z oslovených firem hovoří o tisících dopisů, které se jim vracejí jako nedoručitelné. Desítky tisíc lidí pak dopisy sice zprvu obdržely, ale nereagovaly na ně.","Mon, 06 Dec 2021 04:00:00 GMT",https://www.lidovky.cz/byznys/desetitisice-lidi-mohou-zustat-bez-proudu-energeticke-firmy-dohledavaji-ty-kteri-nereaguji-na-nabidk.A211205_193306_ln_ekonomika_lros#utm_source=rss&utm_medium=feed&utm_campaign=ln_lidovky&utm_content=main,Události - Byznys,lidovky.cz
I boj s epidemií potřebuje úběžník. Ať vláda nabídne společnosti svou představu,https://1gr.cz/fotky/idnes/21/113/cl6/IHA8fa4e0_Praha241121PETR10.jpg,"Víte, co je to úběžník? Ten výraz se připomíná sám, neboť se blíží deset let od smrti Václava Havla a je známo, že patřil mezi jeho oblíbené.","Mon, 06 Dec 2021 04:00:00 GMT",https://www.lidovky.cz/nazory/i-boj-s-epidemii-potrebuje-ubeznik-at-vlada-nabidne-spolecnosti-svou-predstavu.A211205_174642_ln_nazory_lros#utm_source=rss&utm_medium=feed&utm_campaign=ln_lidovky&utm_content=main,Události - Názory,lidovky.cz
"Zeman přijme Kupku a Langšádlovou, ze Staroměstského náměstí zmizí stánky",https://1gr.cz/fotky/idnes/21/043/cl6/IHA8adb31_Praha200421Poslaneck012.jpg,RANNÍ BRIEFING. Editoři serveru Lidovky.cz pro vás připravili přehled nejočekávanějších událostí dne. Co se bude dít?,"Mon, 06 Dec 2021 04:00:00 GMT",https://www.lidovky.cz/briefing/zeman-prijme-kupku-a-langsadlovou-ze-staromestskeho-namesti-zmizi-stanky.A211205_155247_ln_briefing_lros#utm_source=rss&utm_medium=feed&utm_campaign=ln_lidovky&utm_content=main,Události - Briefing,lidovky.cz
"Zemřel senátor Dole, Clintonův protikandidát na prezidenta podlehl rakovině",https://1gr.cz/fotky/idnes/21/121/cl6/LIS8fe4e8_profimedia_0591873481.jpg,V USA zemřel bývalý senátor a neúspěšný kandidát na prezidenta Bob Dole. Na twitteru o tom informovala nadace jeho ženy. V únoru mu lékaři diagnostikovali rakovinu plic v pokročilém stadiu.,"Sun, 05 Dec 2021 20:58:00 GMT",https://www.lidovky.cz/svet/byvaly-senator-usa-bob-dole-umrti.A211205_212354_ln_zahranici_kov#utm_source=rss&utm_medium=feed&utm_campaign=ln_lidovky&utm_content=main,Události - Svět,lidovky.cz
"Drolení Pirátů? Stranu, která v říjnových volbách utrpěla ztráty, opouštějí další členové",https://1gr.cz/fotky/idnes/21/102/cl6/LUH8ea75c_07.jpg,Pirátské straně dal v uplynulém týdnu sbohem zastupitel na Praze 9 Petr Daubner. Odstoupit ze všech funkcí se rozhodl i dosavadní místopředseda strany Martin Kučera.,"Sun, 05 Dec 2021 20:00:00 GMT",https://www.lidovky.cz/domov/droleni-piratu-stranu-ktera-v-rijnovych-volbach-utrpela-ztraty-opousteji-dalsi-clenove.A211205_175052_ln_domov_lros#utm_source=rss&utm_medium=feed&utm_campaign=ln_lidovky&utm_content=main,Události - Domov,lidovky.cz
"Darujte si k adventu očkování, pomůžete zachránit život, vyzývá na sociálních sítích docent Hajdúch",https://1gr.cz/fotky/idnes/21/072/cl6/BA8cd48a_162715_4148534.jpg,"Pokud můžete, nechte se očkovat, anebo se pokuste k očkování přesvědčit lidi ve svém okolí, motivuje k vakcinaci proti covidu na sociální síti lékař Marián Hajdúch. Každý člověk se počítá a na každém záleží, dodává. Svůj příspěvek doprovodil i označením „Adventem proti covidu“.","Sun, 05 Dec 2021 19:49:11 GMT",https://www.lidovky.cz/domov/ockovani-advent-covid-hajduch-lekar-vakcina-nemocnice.A211205_204911_ln_domov_kov#utm_source=rss&utm_medium=feed&utm_campaign=ln_lidovky&utm_content=main,Události - Domov,lidovky.cz
"V Bruselu protestovaly tisíce lidí, kteří nesouhlasí se zpřísněním proticovidových opatření",https://1gr.cz/fotky/idnes/21/121/cl6/IJA8fe505_a198e91209c3900b2c064bdc6fd19c82_5.jpg,"Tisíce lidí v sobotu pochodovaly centrem Bruselu na protest proti zpřísnění protipandemických opatření. Část z nich se střetla s policií, která nasadila slzný plyn a vodní děla. Belgická vláda v pátek nařídila nová omezení kvůli narůstajícím počtům nově nakažených koronavirem.","Sun, 05 Dec 2021 19:02:00 GMT",https://www.lidovky.cz/svet/brusel-demonstrace-proti-opatreni-covid.A211205_200215_ln_zahranici_kov#utm_source=rss&utm_medium=feed&utm_campaign=ln_lidovky&utm_content=main,Události - Svět,lidovky.cz
Poslední slovo Ondřeje Neffa: Na hraně,https://1gr.cz/fotky/lidovky/21/073/sp5/LRO8cdd3c_neff1.jpg,"Pravila žena, když mísila těsto na vánoční perníčky, k němuž jsem přispěl drcením hřebíčku a skořice v hmoždíři: „Kdyby pan Michalik udělal s republikou to, jak pozvedl Dolní Břežany, tak ať má deset solárních elektráren.“","Sun, 05 Dec 2021 18:00:00 GMT",https://www.lidovky.cz/nazory/posledni-slovo-ondreje-neffa-na-hrane.A211205_174315_ln_nazory_lros#utm_source=rss&utm_medium=feed&utm_campaign=ln_lidovky&utm_content=main,Události - Názory,lidovky.cz
"Zavřít, nebo ne? Škodě se sázka na výrobu vyplatila, přestože řadu aut zatím nemůže prodat",https://1gr.cz/fotky/idnes/21/102/cl6/FDV8eba34_P2021101203322.jpg,"V Největší firma v Česku, která spolu se svými dodavateli představuje asi desetinu výkonu celé ekonomiky, před pár měsíci řešila opravdu veliké dilema. Pod tíhou pandemie a toho, pro co se už obecně vžilo označení čipová krize, mělo vedení Škody Auto dvě možnosti: zavřít závody, anebo jet dál s tím, že bude vyrábět vozy, které nebude možné dokončit.","Sun, 05 Dec 2021 18:00:00 GMT",https://www.lidovky.cz/byznys/zavrit-nebo-ne-skode-se-sazka-na-vyrobu-vyplatila-prestoze-radu-aut-zatim-nemuze-prodat.A211205_152808_ln_ekonomika_lros#utm_source=rss&utm_medium=feed&utm_campaign=ln_lidovky&utm_content=main,Události - Byznys,lidovky.cz
Vystřídání Merkelové je připraveno. Scholzova vláda podepsala koaliční smlouvu,https://1gr.cz/fotky/idnes/21/121/cl6/MGN8fedfb_56RMANY_POLITICS_COALITION_1207_1L.JPG,"Němečtí sociální demokraté (SPD), Zelení a liberální svobodní demokraté (FDP) podepsali v úterý dopoledne koaliční smlouvu. Ve středu sociální demokrat Olaf Scholz vystřídá dosavadní kancléřku Angelu Merkelovou, která se svou konzervativní unií CDU/CSU vedla Německo 16 let. Konzervativci po neúspěšných zářijových parlamentních volbách míří do opozice.","Tue, 07 Dec 2021 09:12:57 GMT",https://www.lidovky.cz/svet/nemecko-koalicni-smlouva-kancler-olaf-scholz.A211207_101257_ln_zahranici_kov#utm_source=rss&utm_medium=feed&utm_campaign=ln_lidovky&utm_content=main,Události - Svět,lidovky.cz
"Český průmysl v říjnu znovu meziročně poklesl, důvodem je snížení výroby aut",https://1gr.cz/fotky/idnes/20/042/cl6/RKO82b37a_Hyundai_Kona_electric_Nosovice_3.jpg,"Meziroční pokles českého průmyslu v říjnu zrychlil na 4,9 procenta ze zářijových čtyř procent. Znovu je důvodem zejména výroba automobilů a jejich dílů. Hodnota nových zakázek v průmyslu klesla o dvě procenta.","Tue, 07 Dec 2021 08:54:00 GMT",https://www.lidovky.cz/byznys/cesky-prumysl-rijen-vyroba-automobilu.A211207_094145_ln_ekonomika_kov#utm_source=rss&utm_medium=feed&utm_campaign=ln_lidovky&utm_content=main,Události - Byznys,lidovky.cz
"Syndrom PIMS ohrožuje děti po covidu, nevyhnul se ani Česku. Může způsobit selhání srdce i mrtvici",https://1gr.cz/fotky/idnes/21/042/cl6/LUH8aae9e_07.jpg,"Evropští pediatři ho nazývají zkratkou PIMS-TS. Skrývá se pod ní označení pro syndrom, jež u dětí postihuje hned několik systémů organismu, a který vyvolává prodělaný covid. Jeho těžký průběh vypadá hrozivě: od srdečního selhání až po ekvivalent mozkové mrtvice. Relativně vzácný syndrom se nevyhnul ani české populaci: od začátku epidemie do konce listopadu u nás lékaři evidují okolo 260 případů. Ještě v květnu to přitom bylo 207.","Tue, 07 Dec 2021 08:48:00 GMT",https://www.lidovky.cz/domov/nemoc-pims-ohrozuje-deti-po-covidu-nevyhnula-se-ani-cesku-muze-zpusobit-selhani-srdce-i-mrtvici.A211207_085523_ln_domov_vag#utm_source=rss&utm_medium=feed&utm_campaign=ln_lidovky&utm_content=main,Události - Domov,lidovky.cz
Rezervační systém Restu po osmi letech končí. Neustál covidovou krizi,https://1gr.cz/fotky/idnes/21/121/cl6/IHA8fd7a9_restu.jpg,"Na rezervačním systému Restu.cz se prezentovalo více než 17 tisíc restaurací. Pandemie koronaviru a následné vládní nařízení uzavřely restaurace, a i tento byznys se propadl na nulu. Dva roky bez příjmu donutilo společnost ukončit svou činnost na dobro.","Tue, 07 Dec 2021 08:09:00 GMT",https://www.lidovky.cz/byznys/restu-covid-rezervacni-system-konec-krach-metro.A211203_171051_ln_ekonomika_kov#utm_source=rss&utm_medium=feed&utm_campaign=ln_lidovky&utm_content=main,Události - Byznys,lidovky.cz
Šéf firmy propustil přes Zoom 900 pracovníků. Ti si stěžují na zvláště brutální vyhazov,https://1gr.cz/fotky/lidovky/21/121/cl6/VAG8fedfa_profimedia_0556027757.jpg,"Šéf americké firmy Better.com, podnikající v hypotékách, za pomoci platformy Zoom, sloužící k pořádání videokonferenci, svolal schůzi s 900 zaměstnanci, aby jim oznámil, že je propouští - a to s okamžitou platností. Pracovníci si nyní stěžují na zvláště brutální „vyhazov“, uvedla francouzská rozhlasová a televizní stanice BFMTV na svém webu.","Tue, 07 Dec 2021 07:47:40 GMT",https://www.lidovky.cz/byznys/realitni-trh-hypoteky-better-com-zamestnani-vyhazov.A211207_084739_ln_ekonomika_kov#utm_source=rss&utm_medium=feed&utm_campaign=ln_lidovky&utm_content=main,Události - Byznys,lidovky.cz
Rozsáhlý požár zničil v Praze autoservis. Hasiči nasadili pět vodních proudů,https://1gr.cz/fotky/idnes/21/121/cl6/KLU8fedac_auto3.jpg,"Na Mikuláše krátce před půlnocí zalarmoval desítky hasičů rozsáhlý požár autoservisu v Hornoměcholupské ulici v Praze 15. Plameny zasáhly celou budovu o rozměrech 15 krát 15 metrů, uvnitř se kvůli žáru trhaly tlakové lahve. Požár narušil statiku budovy.","Tue, 07 Dec 2021 07:12:00 GMT",https://www.lidovky.cz/domov/pozar-autoservis-hornomecholupska-hasici-lahve.A211207_081252_ln_domov_kov#utm_source=rss&utm_medium=feed&utm_campaign=ln_lidovky&utm_content=main,Události - Domov,lidovky.cz
"Průzkum: ANO má nejvyšší podporu za poslední rok, PirSTAN opouštějí voliči",https://1gr.cz/fotky/idnes/21/121/cl6/LUH8fd7ea_05.jpg,"Pokud by se v listopadu konaly volby do Sněmovny, vítězem by bylo se ziskem 29,5 procenta hnutí ANO. Procentuálně by si oproti zářijovému modelu polepšila koalice SPOLU, na ANO však ztrácí 3,5 procenta. Koalice Pirátů a STAN pak ztrácí voliče i volební potenciál. Do Sněmovny by se stejně jako ve volbách dostala i SPD. Vyplývá to z průzkumu agentury Median.","Tue, 07 Dec 2021 06:45:00 GMT",https://www.lidovky.cz/domov/volebni-model-agentura-median-hnuti-ano-koalice-spolu-pirati-stan.A211207_074530_ln_domov_kov#utm_source=rss&utm_medium=feed&utm_campaign=ln_lidovky&utm_content=main,Události - Domov,lidovky.cz
"Ve Francii se po výbuchu zřítil třípatrový dům, v troskách může být až pět lidí",https://1gr.cz/fotky/lidovky/21/121/cl6/VAG8fed7a_profimedia_0311682712.jpg,"V letovisku Sanary-sur-Mer na jihu Francie se po výbuchu zhroutila třípodlažní budova. V troskách podle hasičů pravděpodobně uvázlo pět lidí - čtyři dospělí a jedno dítě, hlásí média. Příčina výbuchu je neznámá.","Tue, 07 Dec 2021 06:02:00 GMT",https://www.lidovky.cz/svet/letovisko-sanary-sur-mer-francie-vybuch-zhrouceni-budovy.A211207_070226_ln_zahranici_kov#utm_source=rss&utm_medium=feed&utm_campaign=ln_lidovky&utm_content=main,Události - Svět,lidovky.cz
V pondělí testy potvrdily 15 541 nakažených. Nárůst oproti minulému týdnu opět zpomalil,https://1gr.cz/fotky/lidovky/21/111/cl6/VAG8f25fe_P2021103104176.jpg,"V pondělí laboratoře v Česku odhalily 15 541 nakažených koronavirem, asi o dva tisíce méně než minulé pondělí. V mezitýdenním srovnání jde o pátý denní pokles v řadě. Opět se snížilo incidenční číslo, o tři setiny na 0,86 i reprodukční číslo.","Tue, 07 Dec 2021 05:59:00 GMT",https://www.lidovky.cz/domov/koronavirus-cesko-epidemie-prirustky-nakazeni.A211207_065910_ln_domov_kov#utm_source=rss&utm_medium=feed&utm_campaign=ln_lidovky&utm_content=main,Události - Domov,lidovky.cz
"Taxi pro hráče zdarma. Kasina a herny musely z velkých měst, své věrné svážejí za jejich hranice",https://1gr.cz/fotky/idnes/21/121/cl6/JB836389_profimedia_0040357962.jpg,"Do konce roku 2023 by měly z Prahy zmizet všechny herny a kasina s automaty. Metropole se tak zařadí k dalším šesti krajským městům a mnoha menším, která se plně zbavila nejrizikovější verze hazardu. Jenže provozovatelé se chystají také. Kasina se už nyní stěhují nebo nová vyrůstají v malých obcích těsně za hranicemi katastru.","Tue, 07 Dec 2021 04:00:00 GMT",https://www.lidovky.cz/byznys/kasina-mizi-za-okraje-velkych-mest-do-mensich-obci-hrace-do-nich-svazi-kyvadlova-doprava-zdarma.A211206_173105_ln_ekonomika_rkj#utm_source=rss&utm_medium=feed&utm_campaign=ln_lidovky&utm_content=main,Události - Byznys,lidovky.cz
"Postavu černé pleti smí hrát jen černoch. Bojovníků za nový svět není moc, ale jsou hlasití",https://1gr.cz/fotky/idnes/21/121/cl6/TS8fd241_martin_mc_donagh_ujeta_ruka_12.jpg,"To, že musí Činoherní klub přestat uvádět McDonaghovu Ujetou ruku, protože jednu z postav, která je černé pleti, nehraje autentický černoch, nepřekvapuje, ale směšnost požadavku je nabíledni.","Tue, 07 Dec 2021 04:00:00 GMT",https://www.lidovky.cz/nazory/postavu-cerne-pleti-smi-hrat-jen-cernoch-bojovniku-za-novy-svet-neni-moc-ale-jsou-hlasiti.A211206_165835_ln_nazory_rkj#utm_source=rss&utm_medium=feed&utm_campaign=ln_lidovky&utm_content=main,Události - Názory,lidovky.cz
"Češi touží po velkých bytech. Developeři už je nemají kde brát, spojují dva menší do jednoho",https://1gr.cz/fotky/lidovky/21/121/cl6/APE8fe894_shutterstock_1450069640.jpg,Nejistota během pandemie a vysoká inflace motivují k investicím do realit. Nejde už ale jen o menší byty určené k dalšímu pronajímání. Lidé si začali ve velkém kupovat i prostorné byty pro sebe a své rodiny.,"Tue, 07 Dec 2021 04:00:00 GMT",https://www.lidovky.cz/byznys/velke-byty-developeri-nemovitosti-cesi-prostorne.A211206_102250_ln_ekonomika_ape#utm_source=rss&utm_medium=feed&utm_campaign=ln_lidovky&utm_content=main,Události - Byznys,lidovky.cz
"Za Zemanem míří Lipavský a Nekula, Litva rozhodne o nouzovém stavu na hranicích",https://1gr.cz/fotky/idnes/21/093/cl6/PMK8e6ad7_54_MIGRANTS_BELARUS_LATVIA_0928_11.JPG,RANNÍ BRIEFING. Editoři serveru Lidovky.cz pro vás připravili přehled nejočekávanějších událostí dne. Co se bude dít?,"Tue, 07 Dec 2021 03:50:00 GMT",https://www.lidovky.cz/briefing/za-zemanem-miri-lipavsky-a-nekula-litva-rozhodne-o-nouzovem-stavu-na-hranicich.A211206_195501_ln_briefing_rkj#utm_source=rss&utm_medium=feed&utm_campaign=ln_lidovky&utm_content=main,Události - Briefing,lidovky.cz
"Američané budou politicky bojkotovat zimní olympiádu v Číně, Peking vyhrožuje odvetou",https://1gr.cz/fotky/idnes/21/103/cl6/TEN8f03b0_ppptsw08_olympics_2022_0204_11.jpg,"Administrativa amerického prezidenta Joea Bidena v pondělí oznámila, že nadcházející zimní olympiády v Pekingu se nezúčastní žádní představitelé vlády Spojených států. Bílý dům to odůvodnil porušováním lidských práv v Číně. Čínské ministerstvo zahraničí v reakci pohrozilo „tvrdými protiopatřeními“.","Mon, 06 Dec 2021 21:56:00 GMT",https://www.lidovky.cz/svet/cina-olympiada-zimni-2022-usa-biden-bojkot.A211206_144234_ln_zahranici_kov#utm_source=rss&utm_medium=feed&utm_campaign=ln_lidovky&utm_content=main,Události - Svět,lidovky.cz
Poslední slovo Radky Kvačkové: Dobré nitro,https://1gr.cz/fotky/lidovky/21/073/sp5/LRO8cdc15_kvak1a.jpg,"Doporučení znělo tak, jak se od náboženského vysílání v neděli ráno očekává: „Advent je doba, kdy by se měl člověk zklidnit a ponořit do svého nitra,“ přesvědčoval mne velebný hlas z rádia. Zkusila jsem to hned po snídani, ale řeknu vám, nic moc. Když začnete nahlížet do svého nitra, najdete tam spoustu haraburdí, ale taky obav, které jste tam odložili nejspíš z dobrých (rozuměj sebezáchovných) důvodů.","Mon, 06 Dec 2021 19:57:00 GMT",https://www.lidovky.cz/nazory/posledni-slovo-radky-kvackove-dobre-nitro.A211206_155724_ln_nazory_rkj#utm_source=rss&utm_medium=feed&utm_campaign=ln_lidovky&utm_content=main,Události - Názory,lidovky.cz
Břímě bílého muže II. Papež opět kritizoval lhostejnost a sobeckost Evropy,https://1gr.cz/fotky/idnes/21/121/cl6/BAK8fe3c8_BLR_POPE_GREECE_LESBOS_1205_1M.JPG,"Zastavme toto ničení civilizace, vyzval v neděli papež František. Že by tím myslel vypouštění emisí? Či snad ochranu nenarozených životů po vzoru Polska? Ale kdež. Papež tak promluvil v táboře pro migranty na ostrově Lesbos a ničením civilizace měl na mysli životy ukončené při plavbách přes Středozemní moře.","Mon, 06 Dec 2021 18:00:00 GMT",https://www.lidovky.cz/nazory/brime-bileho-muze-ii-papez-opet-kritizoval-lhostejnost-a-sobeckost-evropy.A211206_175705_ln_nazory_rkj#utm_source=rss&utm_medium=feed&utm_campaign=ln_lidovky&utm_content=main,Události - Názory,lidovky.cz
Německo: Scholz je těsně před cílem. Resorty vnitra i obrany povedou v nové vládě ženy,https://1gr.cz/fotky/lidovky/21/121/cl6/RKJ8fea8b_39402e52afde7fdc5892d500b392a613_3.jpg,"Příští německá vládní koalice v pondělí překonala jednu z posledních překážek, jež ještě bránila jejímu ustavení.","Mon, 06 Dec 2021 17:52:00 GMT",https://www.lidovky.cz/svet/nemecko-scholz-je-tesne-pred-cilem-resorty-vnitra-i-obrany-povedou-v-nove-vlade-zeny.A211206_184507_ln_zahranici_rkj#utm_source=rss&utm_medium=feed&utm_campaign=ln_lidovky&utm_content=main,Události - Svět,lidovky.cz
"Zdražují i odvětví, která by nemusela, říká odborník. Naznačil, jak to bude se mzdami na začátku příštího roku",https://1gr.cz/fotky/idnes/21/052/cl6/TBR8b684b_133329_10576511.jpg,"Rozseknout vazbu mezi inflací a růstem mezd mohou vyšší úrokové sazby a zahraniční zaměstnanci, říká Štěpán Křeček, šéfekonom společnosti BH Securities.","Mon, 06 Dec 2021 17:40:00 GMT",https://www.lidovky.cz/byznys/zdrazuji-i-odvetvi-ktera-by-nemusela-rika-odbornik-domacnosti-utraci-penize-ktere-za-posledni-roky-u.A211206_182456_ln_ekonomika_rkj#utm_source=rss&utm_medium=feed&utm_campaign=ln_lidovky&utm_content=main,Události - Byznys,lidovky.cz
Vyhlášku o povinném očkování proti covidu vydá Vojtěch do konce týdne. SPD ji hned napadne u soudu,https://1gr.cz/fotky/idnes/21/093/cl6/KOP8e60c8_P2021092706534.jpg,"Ministr zdravotnictví Adam Vojtěch vydá do konce týdne vyhlášku, která nařídí povinné očkování proti covidu pro lidi nad 60 let a vybrané profese. Vyhláška má začít platit od března příštího roku. Hnutí SPD Tomia Okamury oznámilo, že vyhlášku napadne jako diskriminační u soudu hned, jak vyjde ve Sbírce zákonů.","Mon, 06 Dec 2021 17:03:00 GMT",https://www.lidovky.cz/domov/jednani-vlady-koronavirus-povinne-ockovani-redukce-u-hromadnych-akci.A211206_113253_ln_domov_kov#utm_source=rss&utm_medium=feed&utm_campaign=ln_lidovky&utm_content=main,Události - Domov,lidovky.cz
Kalousek má plán. Někdy stačí být druhý nejvyšší,https://1gr.cz/fotky/idnes/21/102/cl6/PKU6abccb_173016_6201091.jpg,"Dříve peklo zmrzne, než se v Česku stane katolický kněz prezidentem, stálo na tomto místě před lety, kdy o svých ambicích přemýšlel Tomáš Halík. Když teď začal svou pre-prezidentskou kampaň Miroslav Kalousek, mohli bychom tehdejší bonmot posunout: Dřív bude Andrej Babiš svatořečen, než se pan Kalousek stane prezidentem.","Mon, 06 Dec 2021 15:12:00 GMT",https://www.lidovky.cz/nazory/kalousek-ma-plan-nekdy-staci-byt-druhy-nejvyssi.A211206_160907_ln_nazory_rkj#utm_source=rss&utm_medium=feed&utm_campaign=ln_lidovky&utm_content=main,Události - Názory,lidovky.cz
"Zájemců o Hrad přibývá. Pekarová by chtěla společného kandidáta pětikoalice, bude to Kalousek?",https://1gr.cz/fotky/idnes/21/113/cl6/ISE8f8e85_DSC_0029.jpg,"Už příští rok se rozběhne kampaň prezidentských adeptů. Někteří už se do hry o Hrad přihlásili, zatím ale nesměle. Oficiální to zatím není ani od Andreje Babiše či Miroslava Kalouska.","Mon, 06 Dec 2021 15:05:00 GMT",https://www.lidovky.cz/domov/zajemcu-o-hrad-pribyva-pekarova-by-chtela-spolecneho-kandidata-petikoalice-bude-to-kalousek.A211206_152950_ln_domov_rkj#utm_source=rss&utm_medium=feed&utm_campaign=ln_lidovky&utm_content=main,Události - Domov,lidovky.cz
"Desítky kilometrů dálnic ročně, slíbil u Zemana příští ministr dopravy Kupka. Zmínil i vysokorychlostní tratě",https://1gr.cz/fotky/idnes/21/121/cl6/KOP8fe8bc_ZemanKupka.jpg,"S kandidátem na ministra dopravy Martinem Kupkou z ODS jednal na zámku v Lánech prezident Miloš Zeman. „Klíčové je opravdu postoupit ve výstavbě dálniční sítě v České republice a zároveň připravit vysokorychlostní tratě,“ řekl Kupka. Má ambici ročně dokončovat desítky kilometrů dálnic.","Mon, 06 Dec 2021 14:50:00 GMT",https://www.lidovky.cz/domov/prezident-zeman-kandidati-do-vlady-kupka-langsadlova.A211206_112516_ln_domov_kov#utm_source=rss&utm_medium=feed&utm_campaign=ln_lidovky&utm_content=main,Události - Domov,lidovky.cz
Za podněcování k násilí dva roky. Svržená vůdkyně Su Ťij půjde do vězení,https://1gr.cz/fotky/idnes/21/121/cl6/BUR8fe7f6_985709ab01e35a4c515e53382d42ead4_2.jpg,"Za podněcování k násilí a porušení koronavirových opatření dva roky vězení. Takový trest uložil barmský soud svržené vůdkyni Do Aun Schan Su Ťij. Původní trest zněl čtyři roky vězení, později byl však snížen. Státní televize uvedla, že političku částečně omilostnil šéf vojenské junty.","Mon, 06 Dec 2021 14:07:00 GMT",https://www.lidovky.cz/svet/su-tij-barma-trest-vezeni.A211206_080907_ln_zahranici_kov#utm_source=rss&utm_medium=feed&utm_campaign=ln_lidovky&utm_content=main,Události - Svět,lidovky.cz
"Vir hatí školám lyže i plesy. Neočkovaní studenti budou mít asi smůlu, komplikací jsou testy",https://1gr.cz/fotky/idnes/14/022/cl6/SLV5127f7_151028_3933649.jpg,"Neočkovaní žáci nejspíš přijdou o školní lyžařské kurzy. Jejich organizaci komplikuje testování. Maturanti se strachují, že je pandemie koronaviru připraví o plesy.","Mon, 06 Dec 2021 13:27:00 GMT",https://www.lidovky.cz/domov/vir-hati-skolam-lyze-i-plesy-neockovani-studenti-budou-mit-asi-smulu-komplikaci-jsou-testy.A211206_135748_ln_domov_tmr#utm_source=rss&utm_medium=feed&utm_campaign=ln_lidovky&utm_content=main,Události - Domov,lidovky.cz
"Blíží se ruský vpád na Ukrajinu? Vojenský expert nastínil několik scénářů, záleží na záměru operace",https://1gr.cz/fotky/idnes/21/113/cl6/AHA8fa04c_40GI_UKRAINE_CRISIS_DRILLS_1117_1B.JPG,"Nevěřte Putinovi, nenechá nás na pokoji, zní z Kyjeva. Odpor Kremlu k rozšiřování NATO je jen záminka. Zatím jde o válku slov. O ruskou diplomacii v železných rukavicích. Poblíž ukrajinské hranice Moskva shromáždila masivní armádní sbor. Až 175 tisíc ruských vojáků se má zkraje roku 2022 chystat na ofenzivu proti Ukrajině. Informovala o tom agentura AP s odvoláním na nejmenovaného vysokého amerického představitele.","Mon, 06 Dec 2021 12:36:00 GMT",https://www.lidovky.cz/svet/rusky-vpad-na-ukrajinu-se-blizi-vojensky-expert-nastinil-nekolik-scenaru-zalezi-na-zameru-operace.A211206_130128_ln_zahranici_tmr#utm_source=rss&utm_medium=feed&utm_campaign=ln_lidovky&utm_content=main,Události - Svět,lidovky.cz
"Jeho slizké chování nebyla hra, řekl soudce. Predátor z dokumentu V síti půjde na dva roky do vězení",https://1gr.cz/fotky/idnes/21/023/cl6/PRI89ac10_stnadLabem.jpg,"Ústecký krajský soud potvrdil dvouletý trest vězení pro Martina K., jednoho z takzvaných predátorů z dokumentu V síti zabývajícím se zneužíváním dětí na internetu. Muž chtěl po dívkách, které se pro účely filmu vydávaly za teprve dvanáctileté, například obnažené fotografie.","Mon, 06 Dec 2021 12:26:22 GMT",https://www.lidovky.cz/domov/krajsky-soud-odvolani-v-siti-dokument-predator-vezeni.A211206_132622_ln_domov_kov#utm_source=rss&utm_medium=feed&utm_campaign=ln_lidovky&utm_content=main,Události - Domov,lidovky.cz
"Nesouhlasí doktoři s očkováním? Ať klidně z lékařské komory odejdou, vzkazuje kolegům její šéf Kubek",https://1gr.cz/fotky/idnes/20/101/cl6/JB869df2_r3.jpg,"Přestože Česká lékařská komora za nejúčinnější zbraň proti covidu považuje očkování, názory na vakcíny jsou mezi lékaři různé. Ti, kteří jsou proti a vystupují na alternativních platformách by podle prezidenta ČLK Milana Kubka udělali nejlépe, kdyby z ní vystoupili. Nemohli by pak poškozovat své pacienty, řekl ve vysílání CNN Prima News.","Mon, 06 Dec 2021 11:22:00 GMT",https://www.lidovky.cz/domov/kubek-ceska-lekarska-komora-ockovani.A211206_122249_ln_domov_kov#utm_source=rss&utm_medium=feed&utm_campaign=ln_lidovky&utm_content=main,Události - Domov,lidovky.cz
"Kýla nebo klouby musejí počkat. Nemocnice odkládají operace, řada lidí trpí v bolestech",https://1gr.cz/fotky/lidovky/21/113/cl6/VAG8fbd6e_162416_15006885_1.jpg,"„Nejde to, nezlobte se, zkuste se zeptat v lednu,“ odpovídají čím dál častěji nemocnice, když dojde na operaci. Stalo se to třeba Josefovi z Prahy, před pár týdny mu přišli na tříselnou kýlu, to když se mu měkkou tkání prodralo ven střevo.","Mon, 06 Dec 2021 11:00:00 GMT",https://www.lidovky.cz/domov/kyla-nebo-klouby-museji-pockat-nemocnice-odkladaji-neakutni-operace-rada-lidi-tim-trpi.A211205_194901_ln_domov_lros#utm_source=rss&utm_medium=feed&utm_campaign=ln_lidovky&utm_content=main,Události - Domov,lidovky.cz
Zaměstnanci si polepšili o dva tisíce. Průměrná mzda stoupla na 37 499 korun,https://1gr.cz/fotky/idnes/21/091/cl6/SOV8de8a2_profimedia_00107132501.jpg,"Průměrná mzda v Česku v letošním třetím čtvrtletí meziročně vzrostla o 5,7 procenta na 37 499 korun. V hrubém tak zaměstnanci dostávali v průměru o 2012 korun více než před rokem. Po zahrnutí růstu spotřebitelských cen výdělek reálně stoupl o 1,5 procenta.","Mon, 06 Dec 2021 10:03:00 GMT",https://www.lidovky.cz/byznys/prumerna-mzda-cr-kraje.A211206_100726_ln_ekonomika_kov#utm_source=rss&utm_medium=feed&utm_campaign=ln_lidovky&utm_content=main,Události - Byznys,lidovky.cz
Problém El. Dokáže být pan prezident vůči vládě Petra Fialy velkorysý?,https://1gr.cz/fotky/idnes/21/113/cl6/BUR8fbbbf_P2021112802487.jpg,"Přezkušování kandidátů na ministry vstupuje do druhého poločasu. Ten první zdál se být zvenku až nudný a proběhl bez překvapení. Všichni dosavadní kandidáti při pohovoru uspěli. Hned toho prvního měl pan prezident (dále jen PP) roztomile ujistit, že ho jmenovat ministrem bude už jen proto, že jsou ještě i horší kandidáti na ministerská křesla.","Mon, 06 Dec 2021 09:53:00 GMT",https://www.lidovky.cz/nazory/problem-el-dokaze-byt-pan-prezident-vuci-vlade-petra-fialy-velkorysy.A211206_105330_ln_nazory_tmr#utm_source=rss&utm_medium=feed&utm_campaign=ln_lidovky&utm_content=main,Události - Názory,lidovky.cz
